Employee_Name,EmpID,PerfScoreID,FromDiversityJobFairID,Zodiac_Sign,Pay_Rate,Termd,Position,State,DOB,Sex,MaritalDesc,CitizenDesc,HispanicLatino,RaceDesc,DateofHire,DateofTermination,TermReason,EmploymentStatus,Department,ManagerName,ManagerID,RecruitmentSource,PerformanceScore,EngagementSurvey,EmpSatisfaction,SpecialProjectsCount,LastPerformanceReview_Date,DaysLateLast30,EmployeeSource,StandardHours,StockOptionLevel,TotalWorkingYears,TrainingTimesLastYear,WorkLifeBalance,YearsAtCompany,YearsInCurrentRole,YearsSinceLastPromotion,OverTime,BusinessTravel
"Mullaney, Howard",1306057978,1,0,Aquarius,55,0,Area Sales Manager,AL,11/02/1975,M ,Single,US Citizen,No,Two or more races,9/29/2014,,N/A - still employed,Active,Sales,John Smith,17,Internet Search,PIP,1.93,3,0,1/30/2019,0,Internet Search,80,0,8,0,1,6,4,0,Yes,Travel_Rarely
"Harrison, Kara",1404066622,4,0,Aquarius,20,0,Production Technician I,MA,05/02/1974,F,Married,US Citizen,No,White,05/12/2014,,N/A - still employed,Active,Production       ,Amy Dunn,11,Monster.com,Exceeds,4.76,4,0,2/15/2019,0,Monster.com,80,1,10,3,3,10,7,1,No,Travel_Frequently
"DiNocco, Lily ",1209048696,2,0,Aquarius,22,0,Production Technician I,MA,12/02/1978,F,Married,US Citizen,No,Black or African American,01/07/2013,,N/A - still employed,Active,Production       ,Brannon Miller,12,Pay Per Click - Google,Needs Improvement,3.88,4,0,1/18/2019,0,Pay Per Click - Google,80,0,7,3,3,0,0,0,Yes,Travel_Rarely
"Kretschmer, John",1311062610,3,0,Aquarius,21,0,Production Technician I,MA,02/02/1980,M ,Married,US Citizen,No,Asian,01/10/2011,,N/A - still employed,Active,Production       ,Brannon Miller,12,Pay Per Click - Google,Fully Meets,3.38,3,0,1/21/2019,0,Pay Per Click - Google,80,0,8,3,3,8,7,3,Yes,Travel_Frequently
"Harrell, Ludwick",1406068241,3,0,Aquarius,21,0,Production Technician I,MA,09/02/1982,M ,Married,US Citizen,No,Asian,5/14/2012,,N/A - still employed,Active,Production       ,Elijiah Gray,16,Search Engine - Google Bing Yahoo,Fully Meets,1.83,3,0,2/22/2019,0,Search Engine - Google Bing Yahoo,80,1,6,3,3,2,2,2,No,Travel_Rarely
"Wallace, Theresa",1101023619,2,0,Aquarius,15,1,Production Technician I,MA,08/02/1980,F,Single,US Citizen,No,White,8/13/2012,09/01/2015,career change,Voluntarily Terminated,Production       ,Elijiah Gray,16,Monster.com,Needs Improvement,1.27,3,0,,,Monster.com,80,0,8,2,2,7,7,3,No,Travel_Frequently
"Carey, Michael  ",1311063114,3,0,Aquarius,20,0,Production Technician I,MA,02/02/1983,M ,Single,US Citizen,No,Black or African American,3/31/2014,,N/A - still employed,Active,Production       ,Kelley Spirea,18,MBTA ads,Fully Meets,4.43,3,0,02/01/2019,0,MBTA ads,80,3,12,3,2,1,0,0,Yes,Travel_Rarely
"Gaul, Barbara",1105026041,3,0,Aquarius,24,0,Production Technician I,MA,12/02/1983,F,Single,US Citizen,Yes,Black or African American,5/16/2011,,N/A - still employed,Active,Production       ,Kelley Spirea,18,MBTA ads,Fully Meets,1.66,4,0,2/26/2019,0,MBTA ads,80,1,1,2,3,1,0,0,No,Travel_Rarely
"Smith, Sade",1501071909,3,0,Aquarius,24.5,0,Production Technician I,MA,02/02/1965,F,Single,US Citizen,No,White,11/11/2013,,N/A - still employed,Active,Production       ,Ketsia Liebig,19,Employee Referral,Fully Meets,3.73,3,0,1/24/2019,0,Employee Referral,80,0,10,2,3,9,7,1,No,Travel_Frequently
"Williams, Jacquelyn  ",1308060671,3,1,Aquarius,16,1,Production Technician I,MA,10/02/1969,F,Single,US Citizen,Yes,Two or more races,01/09/2012,06/27/15,relocation out of area,Voluntarily Terminated,Production       ,Ketsia Liebig,19,Diversity Job Fair,Fully Meets,1.44,4,0,,,Diversity Job Fair,80,2,17,3,2,7,7,7,No,Travel_Rarely
"Chace, Beatrice ",1208048062,3,0,Aquarius,16,0,Production Technician I,MA,01/02/1951,F,Single,US Citizen,No,White,9/29/2014,,N/A - still employed,Active,Production       ,Michael Albert,22,Search Engine - Google Bing Yahoo,Fully Meets,5,4,0,02/12/2019,0,Search Engine - Google Bing Yahoo,80,1,6,5,3,5,4,0,No,Travel_Rarely
"Estremera, Miguel",1104025243,2,0,Aquarius,17,1,Production Technician I,MA,09/02/1983,M ,Single,US Citizen,No,White,04/02/2012,09/27/14,attendance,Terminated for Cause,Production       ,Michael Albert,22,Word of Mouth,Needs Improvement,5,4,0,,,Word of Mouth,80,0,10,3,3,9,5,0,Yes,Travel_Rarely
"Ndzi, Colombui",1204033041,3,1,Aquarius,18,1,Production Technician I,MA,05/02/1989,M ,Single,US Citizen,No,Black or African American,9/26/2011,04/04/2014,return to school,Voluntarily Terminated,Production       ,Webster Butler,39,Diversity Job Fair,Fully Meets,2.61,3,0,,,Diversity Job Fair,80,1,5,1,2,5,2,4,No,Travel_Rarely
"Burke, Joelle",1011022820,3,0,Aquarius,25,0,Production Technician II,MA,03/02/1980,F,Single,US Citizen,No,Black or African American,03/05/2012,,N/A - still employed,Active,Production       ,Amy Dunn,11,Employee Referral,Fully Meets,4.51,4,0,2/21/2019,0,Employee Referral,80,1,3,2,3,2,2,1,No,Travel_Rarely
"Warfield, Sarah",1301052347,3,0,Aquarius,55.2,0,Sr. Network Engineer,MA,05/02/1978,F,Widowed,US Citizen,No,Asian,3/30/2015,,N/A - still employed,Active,IT/IS,Peter Monroe,7,Employee Referral,Fully Meets,1.06,4,8,02/05/2019,0,Employee Referral,80,0,6,4,3,4,2,0,Yes,Travel_Rarely
"Smith, Jason",1009919980,3,0,Aries,46,0,BI Developer,MA,09/04/1983,M ,Single,US Citizen,No,White,2/15/2017,,N/A - still employed,Active,IT/IS,Brian Champaigne,13,Indeed,Fully Meets,3.01,5,7,1/23/2019,0,#N/D,80,1,10,1,3,10,9,8,No,Travel_Rarely
"Becker, Renee",1102024056,3,0,Aries,43,1,Database Administrator,MA,04/04/1986,F,Single,US Citizen,Yes,White,07/07/2014,09/12/2015,performance,Terminated for Cause,IT/IS,Simon Roup,4,Search Engine - Google Bing Yahoo,Fully Meets,1.87,4,5,,,Search Engine - Google Bing Yahoo,80,2,7,5,2,6,2,0,Yes,Travel_Rarely
"Murray, Thomas",1406068403,4,1,Aries,35.5,0,Data Analyst,TX,07/04/1988,M ,Divorced,US Citizen,No,Black or African American,11/10/2014,,N/A - still employed,Active,IT/IS,Simon Roup,4,Diversity Job Fair,Exceeds,4.28,4,5,2/25/2019,0,Diversity Job Fair,80,2,1,2,2,1,0,0,Yes,Non-Travel
"Ruiz, Ricardo",1001175250,3,1,Aries,21,1,IT Manager - DB,MA,01/04/1964,M ,Divorced,US Citizen,No,Two or more races,01/09/2012,11/04/2015,hours,Voluntarily Terminated,IT/IS,Jennifer Zamora,5,Diversity Job Fair,Fully Meets,2.51,4,6,,,Diversity Job Fair,80,0,31,3,3,25,8,3,No,Travel_Rarely
"Morway, Tanya",1001956578,3,0,Aries,27,0,Network Engineer,MA,04/04/1979,F,Married,US Citizen,No,White,2/16/2015,,N/A - still employed,Active,IT/IS,Peter Monroe,7,Monster.com,Fully Meets,3.81,3,6,02/11/2019,0,Monster.com,80,0,6,3,3,3,2,1,Yes,Travel_Rarely
"Ybarra, Catherine ",1001268402,1,0,Aries,22,1,Production Technician I,MA,05/04/1982,F,Single,US Citizen,No,Asian,09/02/2008,09/29/15,Another position,Voluntarily Terminated,Production       ,Brannon Miller,12,Search Engine - Google Bing Yahoo,PIP,4.29,2,0,,,Search Engine - Google Bing Yahoo,80,1,5,5,2,4,2,1,No,Non-Travel
"Heitzman, Anthony",1002017900,3,0,Aries,19,0,Production Technician I,MA,01/04/1984,M ,Single,US Citizen,No,White,8/13/2012,,N/A - still employed,Active,Production       ,Ketsia Liebig,19,Social Networks - Facebook Twitter etc,Fully Meets,4.17,4,0,02/11/2019,0,Social Networks - Facebook Twitter etc,80,0,10,4,3,5,3,0,No,Travel_Rarely
"Boutwell, Bonalyn",1307060188,3,1,Aries,34.95,0,Sr. Accountant,MA,04/04/1987,F,Married,US Citizen,No,Asian,2/16/2015,,N/A - still employed,Active,Admin Offices,Brandon R. LeBlanc,3,Diversity Job Fair,Fully Meets,5,4,3,2/18/2019,0,Diversity Job Fair,80,0,13,4,3,12,6,2,No,Travel_Rarely
"Buck, Edward",1504073313,3,0,Cancer,55,0,Area Sales Manager,MA,07/07/1975,M ,Married,US Citizen,No,White,9/29/2014,,N/A - still employed,Active,Sales,Lynn Daneault,21,Employee Referral,Fully Meets,3.31,5,0,1/28/2019,0,Employee Referral,80,0,0,6,3,0,0,0,No,Travel_Rarely
"Terry, Sharlene ",1401064637,3,0,Cancer,55,0,Area Sales Manager,OR,05/07/1965,F,Single,US Citizen,No,Black or African American,9/29/2014,,N/A - still employed,Active,Sales,Lynn Daneault,21,Monster.com,Fully Meets,3.69,3,0,1/28/2019,0,Monster.com,80,0,8,2,3,4,2,1,No,Travel_Rarely
"Hernandez, Daniff",1410071156,3,0,Cancer,40.1,1,Database Administrator,MA,08/07/1986,M ,Married,US Citizen,No,Black or African American,2/16/2015,02/22/15,"no-call, no-show",Terminated for Cause,IT/IS,Simon Roup,4,Employee Referral,Fully Meets,4.33,3,7,,,Employee Referral,80,1,26,3,2,14,13,4,No,Travel_Rarely
"Johnson, Noelle ",1003018246,3,0,Cancer,40,0,Database Administrator,MA,11/07/1986,F,Married,US Citizen,No,Asian,01/05/2015,,N/A - still employed,Leave of Absence,IT/IS,Simon Roup,4,Glassdoor,Fully Meets,3.75,3,5,02/11/2019,0,Glassdoor,80,0,10,5,3,10,2,6,Yes,Travel_Frequently
"Bacong, Alejandro ",1212052023,3,0,Cancer,45,0,IT Support,MA,01/07/1988,M ,Divorced,US Citizen,No,White,01/05/2015,,N/A - still employed,Active,IT/IS,Peter Monroe,7,Glassdoor,Fully Meets,1.84,5,6,2/18/2019,0,Glassdoor,80,1,10,2,3,9,7,4,No,Travel_Rarely
"Robinson, Alain  ",1206038000,3,0,Cancer,24,1,Production Technician I,MA,01/07/1974,M ,Married,US Citizen,No,Black or African American,01/10/2011,01/26/16,attendance,Voluntarily Terminated,Production       ,Amy Dunn,11,Glassdoor,Fully Meets,5,3,0,,,Glassdoor,80,1,24,4,3,22,6,5,No,Travel_Rarely
"Mangal, Debbie",1308060754,3,0,Cancer,23,0,Production Technician I,MA,11/07/1974,F,Married,US Citizen,No,White,11/11/2013,,N/A - still employed,Active,Production       ,Brannon Miller,12,On-campus Recruiting,Fully Meets,1.04,3,0,1/22/2019,0,On-campus Recruiting,80,0,22,2,2,2,2,2,No,Travel_Rarely
"Dobrin, Denisa  S",1202031618,3,0,Cancer,16.75,0,Production Technician I,MA,10/07/1986,F,Single,US Citizen,Yes,White,04/02/2012,,N/A - still employed,Active,Production       ,David Stanley,14,Monster.com,Fully Meets,2.79,5,0,2/19/2019,0,Monster.com,80,0,7,3,3,1,1,0,No,Travel_Rarely
"Nguyen, Lei-Ming",1203032357,3,0,Cancer,19,0,Production Technician I,MA,07/07/1984,F,Single,US Citizen,No,White,07/08/2013,,N/A - still employed,Active,Production       ,David Stanley,14,Vendor Referral,Fully Meets,2.79,5,0,01/02/2019,0,Vendor Referral,80,0,9,5,4,4,2,1,Yes,Travel_Rarely
"Motlagh,  Dawn",1102024121,3,0,Cancer,15,0,Production Technician I,MA,07/07/1984,F,Divorced,US Citizen,No,White,04/01/2013,,N/A - still employed,Active,Production       ,Elijiah Gray,16,MBTA ads,Fully Meets,1.76,4,0,1/17/2019,0,MBTA ads,80,0,10,5,3,10,0,1,No,Travel_Rarely
"Mahoney, Lauren  ",1209049259,3,0,Cancer,17,0,Production Technician I,MA,07/07/1986,F,Single,US Citizen,No,White,01/06/2014,,N/A - still employed,Active,Production       ,Ketsia Liebig,19,Newspager/Magazine,Fully Meets,2.55,4,0,2/26/2019,0,Newspager/Magazine,80,1,19,6,4,1,0,0,No,Travel_Rarely
"Robinson, Cherly",1403065625,2,0,Cancer,16,1,Production Technician I,MA,01/07/1985,F,Married,US Citizen,No,White,01/10/2011,05/17/16,attendance,Terminated for Cause,Production       ,Ketsia Liebig,19,Glassdoor,Needs Improvement,3.6,3,0,,,Glassdoor,80,1,6,2,2,2,0,2,Yes,Travel_Rarely
"Mckenna, Sandy",909015167,3,0,Cancer,24,0,Production Technician I,MA,01/07/1987,F,Married,US Citizen,No,Black or African American,01/07/2013,,N/A - still employed,Active,Production       ,Kissy Sullivan,20,Monster.com,Fully Meets,3.93,3,0,1/30/2019,0,Monster.com,80,2,6,3,2,5,3,1,No,Travel_Rarely
"Sullivan, Timothy",1201031310,3,0,Cancer,19,0,Production Technician I,MA,10/07/1982,M ,Married,US Citizen,Yes,White,01/05/2015,,N/A - still employed,Active,Production       ,Michael Albert,22,Word of Mouth,Fully Meets,4.36,5,0,1/24/2019,0,Word of Mouth,80,0,3,2,3,3,2,0,Yes,Travel_Rarely
"Winthrop, Jordan  ",1405067188,4,0,Cancer,29,1,Production Technician II,MA,11/07/1958,M ,Single,US Citizen,No,White,01/07/2013,02/21/16,retiring,Voluntarily Terminated,Production       ,Brannon Miller,12,Professional Society,Exceeds,1.67,3,0,,,Professional Society,80,0,2,3,3,2,2,2,No,Travel_Rarely
"Hutter, Rosalie",1103024924,3,0,Cancer,28,0,Production Technician II,MA,05/07/1992,F,Separated,US Citizen,No,White,06/05/2015,,N/A - Has not started yet,Future Start,Production       ,Webster Butler,,Other,Fully Meets,2.63,3,0,2/14/2019,0,Other,80,1,6,3,4,1,1,0,Yes,Travel_Rarely
"Martin, Sandra",1303054625,3,0,Cancer,55.51,0,Software Engineer,MA,11/07/1987,F,Single,US Citizen,No,Asian,11/11/2013,,N/A - still employed,Active,Software Engineering,Alex Sweetwater,10,Search Engine - Google Bing Yahoo,Fully Meets,1.53,5,4,1/14/2019,0,Search Engine - Google Bing Yahoo,80,2,10,3,3,5,3,1,No,Travel_Frequently
"Steans, Tyrone  ",1302053333,3,0,Capricorn,29,0,Accountant I,MA,09/01/1986,M ,Single,US Citizen,No,White,9/29/2014,,N/A - still employed,Active,Admin Offices,Brandon R. LeBlanc,1,Internet Search,Fully Meets,3.9,5,5,1/18/2019,0,Internet Search,80,1,1,3,3,1,0,0,No,Travel_Rarely
"Bunbury, Jessica",1504073368,3,0,Capricorn,55,1,Area Sales Manager,VA,06/01/1964,F,Married,Eligible NonCitizen,No,Black or African American,8/15/2011,08/02/2014,Another position,Voluntarily Terminated,Sales,John Smith,17,Social Networks - Facebook Twitter etc,Fully Meets,3.14,5,0,,,Social Networks - Facebook Twitter etc,80,1,1,6,3,1,0,0,No,Travel_Rarely
"McKinzie, Jac",1209049326,3,0,Capricorn,55,0,Area Sales Manager,TX,07/01/1984,M ,Married,US Citizen,No,Two or more races,07/06/2016,,N/A - Has not started yet,Future Start,Sales,Lynn Daneault,21,Website Banner Ads,Fully Meets,2.91,4,0,1/29/2019,0,Website Banner Ads,80,0,1,2,2,1,0,0,No,Travel_Rarely
"Hogland, Jonathan ",1001944783,3,0,Capricorn,48.5,1,Production Manager,MA,07/01/1972,M ,Married,US Citizen,No,White,01/10/2011,12/12/2015,attendance,Terminated for Cause,Production       ,Janet King,2,Employee Referral,Fully Meets,4.78,4,0,,,Employee Referral,80,0,9,0,3,9,8,1,No,Travel_Frequently
"Billis, Helen",1308060366,4,0,Capricorn,16,0,Production Technician I,MA,09/01/1989,F,Married,US Citizen,No,White,07/07/2014,,N/A - still employed,Active,Production       ,Brannon Miller,12,Professional Society,Exceeds,5,3,0,2/27/2019,0,Professional Society,80,0,12,2,3,12,8,3,No,Travel_Frequently
"Panjwani, Nina",1109029531,3,0,Capricorn,18,1,Production Technician I,MA,05/01/1979,F,Married,US Citizen,No,White,02/07/2011,01/12/2014,Another position,Voluntarily Terminated,Production       ,Elijiah Gray,16,Social Networks - Facebook Twitter etc,Fully Meets,3.89,4,0,,,Social Networks - Facebook Twitter etc,80,0,23,0,3,22,15,15,No,Travel_Rarely
"Gentry, Mildred",1501072192,3,0,Capricorn,19,0,Production Technician I,MA,10/01/1990,F,Married,US Citizen,No,Black or African American,3/30/2015,,N/A - still employed,Active,Production       ,Michael Albert,22,Professional Society,Fully Meets,3.73,3,0,1/16/2019,0,Professional Society,80,0,10,2,3,9,5,8,No,Non-Travel
"Fitzpatrick, Michael  J",1109029103,3,0,Capricorn,29,1,Production Technician II,MA,10/01/1981,M ,Single,US Citizen,Yes,White,5/16/2011,06/24/13,hours,Voluntarily Terminated,Production       ,Amy Dunn,11,Social Networks - Facebook Twitter etc,Fully Meets,4.76,5,0,,,Social Networks - Facebook Twitter etc,80,0,8,1,3,1,0,0,No,Travel_Rarely
"Moumanil, Maliki ",1301052436,3,0,Capricorn,29,0,Production Technician II,MA,12/01/1974,M ,Separated,US Citizen,No,Black or African American,5/13/2013,,N/A - still employed,Active,Production       ,Michael Albert,22,On-campus Recruiting,Fully Meets,4.29,5,0,1/28/2019,0,On-campus Recruiting,80,0,14,4,3,9,6,0,Yes,Travel_Frequently
"Galia, Lisa",1501072093,3,0,Gemini,31.4,0,IT Support,CT,07/06/1968,F,Single,US Citizen,No,White,05/01/2010,,N/A - still employed,Active,IT/IS,Eric Dougall,6,Vendor Referral,Fully Meets,1.21,4,5,02/01/2019,0,Vendor Referral,80,0,1,2,3,1,0,0,No,Travel_Rarely
"Pham, Hong",1305057440,3,0,Gemini,18,1,Production Technician I,MA,03/06/1988,M ,Married,US Citizen,No,White,07/05/2011,11/30/12,more money,Voluntarily Terminated,Production       ,Brannon Miller,12,Search Engine - Google Bing Yahoo,Fully Meets,5,3,0,,,Search Engine - Google Bing Yahoo,80,0,23,2,3,1,0,0,Yes,Travel_Rarely
"Evensen, April",1107027392,2,0,Gemini,18,1,Production Technician I,MA,05/06/1989,F,Single,US Citizen,No,White,2/17/2014,02/25/14,"no-call, no-show",Terminated for Cause,Production       ,Elijiah Gray,16,Word of Mouth,Needs Improvement,1.04,3,0,,,Word of Mouth,80,0,2,3,2,2,2,2,Yes,Travel_Rarely
"Saar-Beckles, Melinda",1410070998,2,1,Gemini,20,0,Production Technician I,MA,06/06/1968,F,Single,US Citizen,No,Black or African American,07/04/2016,,N/A - Has not started yet,Future Start,Production       ,Kelley Spirea,18,Diversity Job Fair,Needs Improvement,1.12,4,0,2/18/2019,0,Diversity Job Fair,80,1,9,2,2,4,3,1,Yes,Travel_Rarely
"Von Massenbach, Anna",1106026474,3,0,Gemini,20,0,Production Technician I,MA,04/06/1985,F,Single,US Citizen,No,White,07/05/2015,,N/A - Has not started yet,Future Start,Production       ,Michael Albert,22,Newspager/Magazine,Fully Meets,3.21,3,0,1/29/2019,0,Newspager/Magazine,80,1,10,3,3,4,0,2,Yes,Non-Travel
"Becker, Scott",1110029777,3,0,Gemini,17,0,Production Technician I,MA,04/06/1979,M ,Single,US Citizen,No,Asian,07/08/2013,,N/A - still employed,Leave of Absence,Production       ,Webster Butler,,MBTA ads,Fully Meets,1.09,4,0,01/11/2019,0,MBTA ads,80,1,5,2,2,2,2,0,Yes,Travel_Rarely
"Jeannite, Tayana",1008020942,4,0,Gemini,22.5,0,Production Technician II,MA,11/06/1986,F,Divorced,US Citizen,No,American Indian or Alaska Native,07/05/2011,,N/A - still employed,Active,Production       ,Ketsia Liebig,19,MBTA ads,Exceeds,4.6,4,0,2/25/2019,0,MBTA ads,80,0,15,1,3,15,14,8,Yes,Travel_Frequently
"Quinn, Sean",1206043417,3,1,Gemini,55,1,Shared Services Manager,MA,11/06/1984,M ,Married,Eligible NonCitizen,No,Black or African American,2/21/2011,08/15/15,career change,Voluntarily Terminated,Admin Offices,Janet King,2,Diversity Job Fair,Fully Meets,4.15,4,0,,,Diversity Job Fair,80,1,9,3,2,9,8,1,No,Travel_Frequently
"Szabo, Andrew",1201031324,4,0,Gemini,48,0,Software Engineer,MA,05/06/1983,M ,Single,US Citizen,No,White,07/07/2014,,N/A - still employed,Active,Software Engineering,Alex Sweetwater,10,MBTA ads,Exceeds,2.61,5,5,2/18/2019,0,MBTA ads,80,1,4,3,3,2,2,2,Yes,Travel_Rarely
"Carr, Claudia  N",1010022337,3,0,Gemini,61.3,0,Sr. DBA,MA,06/06/1986,F,Single,US Citizen,No,Black or African American,6/30/2016,,N/A - Has not started yet,Future Start,IT/IS,Simon Roup,4,Vendor Referral,Fully Meets,5,5,6,2/18/2019,0,Vendor Referral,80,1,10,3,2,7,7,1,No,Travel_Rarely
"Costa, Latia",1409070567,4,0,Leo,55,0,Area Sales Manager,CA,11/08/1988,F,Single,US Citizen,No,White,01/10/2011,,N/A - still employed,Active,Sales,Lynn Daneault,21,Other,Exceeds,4.77,5,0,1/27/2019,0,Other,80,1,7,2,4,7,5,0,No,Travel_Rarely
"Simard, Kramer",808010278,3,0,Leo,30.2,0,Data Analyst,MA,02/08/1970,M ,Married,US Citizen,Yes,White,01/05/2015,,N/A - still employed,Active,IT/IS,Simon Roup,4,Employee Referral,Fully Meets,3.32,3,7,1/14/2019,0,Employee Referral,80,1,9,3,3,9,8,7,Yes,Travel_Rarely
"Girifalco, Evelyn",1204032927,4,0,Leo,16,0,Production Technician I,MA,05/08/1980,F,Single,US Citizen,Yes,Two or more races,9/29/2014,,N/A - still employed,Active,Production       ,Amy Dunn,11,Professional Society,Exceeds,3.39,4,0,02/07/2019,0,Professional Society,80,0,10,2,3,10,3,9,No,Travel_Frequently
"Kirill, Alexandra  ",903013071,3,0,Leo,24,1,Production Technician I,MA,10/08/1970,F,Married,US Citizen,No,White,9/26/2011,01/09/2012,more money,Voluntarily Terminated,Production       ,Amy Dunn,11,Search Engine - Google Bing Yahoo,Fully Meets,3.49,4,0,,,Search Engine - Google Bing Yahoo,80,1,29,2,2,27,3,13,Yes,Travel_Rarely
"Cockel, James",1599991009,3,0,Leo,15,0,Production Technician I,MA,09/08/1977,M ,Single,US Citizen,No,White,07/08/2013,,N/A - still employed,Active,Production       ,David Stanley,14,Employee Referral,Fully Meets,1.51,5,0,1/14/2019,0,Employee Referral,80,0,28,3,2,21,16,7,No,Travel_Rarely
"Newman, Richard ",1302053044,3,0,Leo,21,0,Production Technician I,MA,04/08/1977,M ,Married,US Citizen,No,White,05/12/2014,,N/A - still employed,Leave of Absence,Production       ,Ketsia Liebig,19,On-campus Recruiting,Fully Meets,5,5,0,2/18/2019,0,On-campus Recruiting,80,3,17,2,3,17,14,12,No,Travel_Rarely
"Anderson, Carol ",1001417624,3,0,Leo,16,1,Production Technician I,MA,09/08/1989,F,Divorced,US Citizen,No,White,07/11/2011,09/06/2011,return to school,Voluntarily Terminated,Production       ,Webster Butler,39,Word of Mouth,Fully Meets,5,4,0,,,Word of Mouth,80,3,21,2,3,5,0,0,Yes,Travel_Rarely
"Kinsella, Kathleen  ",710007401,3,0,Leo,22,1,Production Technician I,MA,12/08/1973,F,Married,US Citizen,No,White,9/26/2011,06/04/2015,more money,Voluntarily Terminated,Production       ,Webster Butler,39,Search Engine - Google Bing Yahoo,Fully Meets,3.6,5,0,,,Search Engine - Google Bing Yahoo,80,0,6,3,3,6,5,0,No,Travel_Frequently
"Johnston, Yen",1306057810,4,0,Leo,25,0,Production Technician II,MA,09/08/1969,F,Single,US Citizen,No,White,07/07/2014,,N/A - still employed,Active,Production       ,Brannon Miller,12,Professional Society,Exceeds,1.51,3,0,01/11/2019,0,Professional Society,80,1,25,2,3,1,0,0,No,Travel_Rarely
"Foreman, Tanya",1012023204,3,0,Leo,24,1,Production Technician II,MA,11/08/1983,F,Married,US Citizen,No,White,04/04/2011,01/09/2012,career change,Voluntarily Terminated,Production       ,Ketsia Liebig,19,Word of Mouth,Fully Meets,3.66,3,0,,,Word of Mouth,80,1,5,2,2,3,2,1,No,Travel_Frequently
"Gosciminski, Phylicia  ",1108028351,3,0,Leo,27,0,Production Technician II,MA,12/08/1983,F,Separated,US Citizen,No,American Indian or Alaska Native,9/30/2013,,N/A - still employed,Leave of Absence,Production       ,Kissy Sullivan,20,Word of Mouth,Fully Meets,2.57,5,0,2/21/2019,0,Word of Mouth,80,1,2,0,2,1,0,0,Yes,Travel_Rarely
"Wang, Charlie",1009919970,3,0,Leo,51,0,Senior BI Developer,MA,07/08/1981,M ,Single,US Citizen,No,Asian,2/15/2017,,N/A - still employed,Active,IT/IS,Brian Champaigne,13,Indeed,Fully Meets,3.42,4,7,01/04/2019,0,#N/D,80,0,20,2,2,4,3,1,No,Travel_Frequently
"Gill, Whitney  ",1302053046,3,0,Libra,55,1,Area Sales Manager,OH,07/10/1971,F,Widowed,US Citizen,No,Black or African American,07/07/2014,09/05/2015,attendance,Terminated for Cause,Sales,John Smith,17,Monster.com,Fully Meets,3.97,4,0,,,Monster.com,80,1,6,3,3,5,4,0,No,Travel_Rarely
"Albert, Michael  ",1501072311,3,0,Libra,54.5,0,Production Manager,MA,10/10/1968,M ,Divorced,US Citizen,No,White,08/01/2011,,N/A - still employed,Active,Production       ,Janet King,2,Employee Referral,Fully Meets,3.93,3,0,2/27/2019,0,Employee Referral,80,0,1,4,3,1,1,1,No,Travel_Rarely
"Bozzi, Charles",1303054580,3,0,Libra,50.5,1,Production Manager,MA,03/10/1970,M ,Single,US Citizen,No,Asian,9/30/2013,08/07/2014,retiring,Voluntarily Terminated,Production       ,Janet King,2,Billboard,Fully Meets,3.39,3,0,,,Billboard,80,2,10,3,3,10,4,0,No,Travel_Rarely
"Miller, Brannon",1107027351,3,0,Libra,53,0,Production Manager,MA,08/10/1981,M ,Single,US Citizen,yes,Hispanic,8/16/2012,,N/A - still employed,Active,Production       ,Janet King,2,Internet Search,Fully Meets,4.37,3,0,1/14/2019,0,Internet Search,80,0,5,3,3,1,0,0,No,Travel_Rarely
"Sander, Kamrin",1302053362,3,0,Libra,21,0,Production Technician I,MA,07/10/1988,F,Married,US Citizen,No,Black or African American,9/29/2014,,N/A - still employed,Active,Production       ,Elijiah Gray,16,On-campus Recruiting,Fully Meets,3.51,3,0,2/18/2019,0,On-campus Recruiting,80,0,11,2,3,11,7,1,No,Travel_Rarely
"Ferreira, Violeta",803009012,3,0,Libra,23,0,Production Technician I,MA,06/10/1986,F,Single,US Citizen,No,White,2/20/2012,,N/A - still employed,Active,Production       ,Ketsia Liebig,19,Newspager/Magazine,Fully Meets,1.85,4,0,01/07/2019,0,Newspager/Magazine,80,0,16,2,3,15,13,2,No,Travel_Rarely
"Knapp, Bradley  J",1304055683,3,0,Libra,14,0,Production Technician I,MA,11/10/1977,M ,Single,US Citizen,No,Black or African American,2/17/2014,,N/A - still employed,Active,Production       ,Ketsia Liebig,19,On-campus Recruiting,Fully Meets,2.79,3,0,02/06/2019,0,On-campus Recruiting,80,0,17,3,4,0,0,0,Yes,Travel_Rarely
"Adinolfi, Wilson  K",1409070522,4,0,Libra,20,0,Production Technician I,MA,07/10/1983,M ,Single,US Citizen,No,White,07/05/2011,,N/A - still employed,Active,Production       ,Michael Albert,22,MBTA ads,Exceeds,2.51,5,0,1/17/2019,0,MBTA ads,80,0,16,3,4,5,2,0,No,Travel_Rarely
"Crimmings,   Jean",1311063172,3,0,Libra,19.75,0,Production Technician I,MA,04/10/1987,F,Single,US Citizen,No,White,07/06/2016,,N/A - Has not started yet,Future Start,Production       ,Michael Albert,22,Newspager/Magazine,Fully Meets,4.12,5,0,1/28/2019,0,Newspager/Magazine,80,1,16,2,3,4,2,0,Yes,Travel_Rarely
"Sewkumar, Nori",807010161,3,0,Libra,15.2,0,Production Technician I,MA,03/10/1975,F,Single,US Citizen,No,Asian,9/30/2013,,N/A - still employed,Leave of Absence,Production       ,Webster Butler,,Search Engine - Google Bing Yahoo,Fully Meets,5,5,0,2/21/2019,0,Search Engine - Google Bing Yahoo,80,2,10,1,2,10,8,3,Yes,Travel_Rarely
"Mancuso, Karen",1304055986,3,0,Libra,23,1,Production Technician II,MA,12/10/1986,F,Married,US Citizen,No,Two or more races,07/05/2011,08/19/11,Another position,Voluntarily Terminated,Production       ,Amy Dunn,11,Newspager/Magazine,Fully Meets,5,4,0,,,Newspager/Magazine,80,0,6,3,3,6,4,0,No,Travel_Rarely
"Petingill, Shana  ",1103024843,3,0,Libra,26,0,Production Technician II,MA,03/10/1979,F,Married,Eligible NonCitizen,No,Asian,04/02/2012,,N/A - still employed,Active,Production       ,Brannon Miller,12,MBTA ads,Fully Meets,2.61,3,0,1/14/2019,0,MBTA ads,80,1,24,4,3,1,0,1,No,Travel_Rarely
"Hankard, Earnest",1307059937,3,0,Libra,24,0,Production Technician II,MA,08/10/1988,M ,Single,US Citizen,Yes,White,11/11/2013,,N/A - still employed,Active,Production       ,Kelley Spirea,18,Newspager/Magazine,Fully Meets,5,3,0,01/08/2019,0,Newspager/Magazine,80,3,17,3,3,13,11,1,Yes,Non-Travel
"Walker, Roger",1011022818,3,0,Libra,22,0,Production Technician II,MA,02/10/1976,M ,Single,US Citizen,No,Black or African American,8/18/2014,,N/A - still employed,Active,Production       ,Ketsia Liebig,19,Employee Referral,Fully Meets,3.11,5,0,02/12/2019,0,Employee Referral,80,0,5,2,3,5,2,1,No,Travel_Rarely
"LeBlanc, Brandon  R",1102024115,3,0,Libra,55,0,Shared Services Manager,MA,06/10/1984,M ,Married,US Citizen,No,White,01/05/2016,,N/A - still employed,Active,Admin Offices,Janet King,2,Monster.com,Fully Meets,1.95,4,0,1/28/2019,0,Monster.com,80,0,37,3,2,6,4,0,No,Travel_Rarely
"Ngodup, Shari ",1403066020,4,1,Pisces,15,0,Production Technician I,MA,06/03/1967,F,Separated,US Citizen,No,Asian,04/01/2013,,N/A - still employed,Active,Production       ,Brannon Miller,12,Diversity Job Fair,Exceeds,1.12,3,0,2/13/2019,0,Diversity Job Fair,80,1,3,3,3,0,0,0,No,Travel_Rarely
"Volk, Colleen",1011022814,4,0,Pisces,21,1,Production Technician I,MA,06/03/1986,F,Married,US Citizen,No,White,9/26/2011,02/08/2016,gross misconduct,Terminated for Cause,Production       ,Kelley Spirea,18,Social Networks - Facebook Twitter etc,Exceeds,2.79,5,0,,,Social Networks - Facebook Twitter etc,80,2,10,4,3,4,2,0,No,Travel_Rarely
"Tavares, Desiree  ",1405067501,3,1,Pisces,15,1,Production Technician I,MA,04/03/1975,F,Married,Non-Citizen,No,Two or more races,4/27/2009,04/01/2013,Another position,Voluntarily Terminated,Production       ,Webster Butler,39,Diversity Job Fair,Fully Meets,2.52,5,0,,,Diversity Job Fair,80,3,11,3,3,11,10,10,No,Travel_Rarely
"Moran, Patrick",1408069503,3,1,Pisces,26,0,Production Technician II,MA,12/03/1976,M ,Single,US Citizen,No,Hispanic,01/09/2012,,N/A - still employed,Leave of Absence,Production       ,Kelley Spirea,18,Diversity Job Fair,Fully Meets,2.5,4,0,1/31/2019,0,Diversity Job Fair,80,0,9,3,3,9,8,4,No,Travel_Rarely
"Robertson, Peter",1499902991,3,0,Pisces,22,1,Production Technician II,MA,07/03/1972,M ,Married,US Citizen,No,White,07/05/2011,02/08/2012,Another position,Voluntarily Terminated,Production       ,Kissy Sullivan,20,Glassdoor,Fully Meets,2.48,5,0,,,Glassdoor,80,1,22,3,2,22,3,11,No,Travel_Frequently
"Gonzales, Ricardo",1411071481,3,0,Sagittarius,55.5,0,Area Sales Manager,ID,10/12/1954,M ,Married,US Citizen,No,White,05/12/2014,,N/A - still employed,Active,Sales,John Smith,17,Monster.com,Fully Meets,3.98,3,0,1/28/2019,0,Monster.com,80,0,11,2,1,10,7,1,Yes,Travel_Rarely
"Strong, Caitrin",1411071295,3,0,Sagittarius,54,0,Area Sales Manager,MT,05/12/1989,F,Married,US Citizen,No,Black or African American,9/27/2010,,N/A - still employed,Active,Sales,John Smith,17,Professional Society,Fully Meets,2,4,0,1/31/2019,0,Professional Society,80,3,11,4,2,11,8,2,Yes,Travel_Rarely
"Rachael, Maggie",1009919940,3,0,Sagittarius,45,0,BI Developer,MA,05/12/1980,F,Married,US Citizen,No,Black or African American,10/02/2016,,N/A - still employed,Active,IT/IS,Brian Champaigne,13,Indeed,Fully Meets,2.02,4,6,02/06/2019,0,#N/D,80,1,21,5,2,10,9,9,Yes,Travel_Frequently
"Soto, Julia ",1203032263,3,0,Sagittarius,27.49,0,IT Support,MA,03/12/1973,F,Married,US Citizen,No,Black or African American,06/10/2011,,N/A - still employed,Active,IT/IS,Eric Dougall,6,Information Session,Fully Meets,4.3,3,5,02/08/2019,0,Information Session,80,0,12,0,3,11,8,5,No,Travel_Rarely
"Baczenski, Rachael  ",1307060083,3,1,Sagittarius,17,1,Production Technician I,MA,01/12/1974,F,Married,US Citizen,Yes,Hispanic,01/10/2011,01/12/2011,Another position,Voluntarily Terminated,Production       ,David Stanley,14,Diversity Job Fair,Fully Meets,1.79,4,0,,,Diversity Job Fair,80,1,16,5,1,4,3,0,No,Travel_Rarely
"Chan, Lin",1305057282,3,0,Sagittarius,19.5,0,Production Technician I,MA,02/12/1979,F,Single,US Citizen,No,White,05/12/2014,,N/A - still employed,Active,Production       ,Elijiah Gray,16,Internet Search,Fully Meets,2.73,4,0,2/19/2019,0,Internet Search,80,1,4,2,2,3,2,0,No,Travel_Rarely
"Cole, Spencer",1001450968,2,0,Sagittarius,15,1,Production Technician I,MA,08/12/1979,M ,Single,US Citizen,No,Black or African American,07/11/2011,09/23/12,performance,Terminated for Cause,Production       ,Kissy Sullivan,20,MBTA ads,Needs Improvement,1.42,3,0,,,MBTA ads,80,0,5,3,4,5,4,0,No,Non-Travel
"Rivera, Haley  ",1405067642,4,0,Sagittarius,22,0,Production Technician I,MA,01/12/1973,F,Married,US Citizen,No,Asian,11/28/2011,,N/A - still employed,Active,Production       ,Webster Butler,,Search Engine - Google Bing Yahoo,Exceeds,4.36,5,0,02/11/2019,0,Search Engine - Google Bing Yahoo,80,0,38,1,2,37,10,1,No,Travel_Rarely
"Gonzalez, Juan",1411071324,1,1,Sagittarius,29,1,Production Technician II,MA,10/12/1964,M ,Married,US Citizen,No,Black or African American,4/26/2010,05/30/11,career change,Voluntarily Terminated,Production       ,Brannon Miller,12,Diversity Job Fair,PIP,4.35,3,0,,,Diversity Job Fair,80,1,17,3,4,3,2,1,No,Non-Travel
"Villanueva, Noah",1111030503,3,0,Scorpio,56,0,Area Sales Manager,ME,07/11/1989,M ,Single,US Citizen,No,Asian,03/05/2012,,N/A - still employed,Active,Sales,John Smith,17,Website Banner Ads,Fully Meets,1.77,4,0,1/18/2019,0,Website Banner Ads,80,0,7,3,3,3,2,0,Yes,Travel_Rarely
"Martins, Joseph",1209048771,3,0,Scorpio,56,0,Area Sales Manager,TX,06/11/1970,M ,Single,Eligible NonCitizen,No,Black or African American,5/14/2012,,N/A - still employed,Active,Sales,Lynn Daneault,21,Employee Referral,Fully Meets,2.94,5,0,1/19/2019,0,Employee Referral,80,0,1,2,3,1,0,0,No,Travel_Rarely
"Onque, Jasmine",1501072180,3,0,Scorpio,57,0,Area Sales Manager,FL,05/11/1990,F,Single,US Citizen,Yes,White,9/30/2013,,N/A - still employed,Active,Sales,Lynn Daneault,21,Pay Per Click - Google,Fully Meets,4.28,3,0,1/25/2019,0,Pay Per Click - Google,80,0,1,5,3,1,0,1,Yes,Travel_Frequently
"Roby, Lori ",1407068885,3,0,Scorpio,39.55,0,Data Analyst,MA,10/11/1981,F,Married,US Citizen,No,White,2/16/2015,,N/A - still employed,Active,IT/IS,Simon Roup,4,Employee Referral,Fully Meets,3.69,5,6,2/14/2019,0,Employee Referral,80,0,16,3,3,16,13,2,No,Travel_Rarely
"Gray, Elijiah  ",1307060077,3,0,Scorpio,54,0,Production Manager,MA,07/11/1981,M ,Divorced,US Citizen,No,White,06/02/2015,,N/A - still employed,Active,Production       ,Janet King,2,Employee Referral,Fully Meets,4.63,3,0,01/04/2019,0,Employee Referral,80,1,17,2,4,1,0,0,No,Non-Travel
"Bachiochi, Linda",1212051409,3,1,Scorpio,22,0,Production Technician I,MA,02/11/1970,F,Single,US Citizen,No,Two or more races,07/06/2009,,N/A - still employed,Leave of Absence,Production       ,Brannon Miller,12,Diversity Job Fair,Fully Meets,4.46,3,0,1/25/2019,0,Diversity Job Fair,80,1,30,3,3,3,2,2,No,Non-Travel
"Jackson, Maryellen",1201031438,3,0,Scorpio,20,0,Production Technician I,MA,09/11/1972,F,Single,US Citizen,No,White,11/05/2012,,N/A - still employed,Active,Production       ,David Stanley,14,Newspager/Magazine,Fully Meets,2.32,3,0,1/17/2019,0,Newspager/Magazine,80,0,28,1,2,8,3,0,Yes,Travel_Frequently
"Osturnka, Adeel",1404066949,4,0,Scorpio,16,0,Production Technician I,MA,12/11/1976,M ,Married,US Citizen,No,White,9/30/2013,,N/A - still employed,Active,Production       ,Kelley Spirea,18,On-campus Recruiting,Exceeds,2.86,3,0,02/07/2019,0,On-campus Recruiting,80,0,6,1,3,6,4,0,Yes,Travel_Rarely
"Hunts, Julissa",1106026433,3,0,Scorpio,25,0,Production Technician II,MA,03/11/1984,F,Single,US Citizen,No,White,06/06/2016,,N/A - Has not started yet,Future Start,Production       ,Elijiah Gray,16,Vendor Referral,Fully Meets,2.92,5,0,1/18/2019,0,Vendor Referral,80,2,2,2,3,2,2,2,No,Travel_Rarely
"Woodson, Jason",1012023010,3,0,Scorpio,24.25,0,Production Technician II,MA,05/11/1985,M ,Single,US Citizen,No,White,07/07/2014,,N/A - still employed,Active,Production       ,Kissy Sullivan,20,Vendor Referral,Fully Meets,4.07,4,0,2/28/2019,0,Vendor Referral,80,0,1,5,3,0,0,0,No,Travel_Rarely
"Oliver, Brooke ",1001856521,3,0,Scorpio,25,1,Production Technician II,MA,02/11/1952,F,Married,US Citizen,No,Asian,5/14/2012,08/19/13,unhappy,Voluntarily Terminated,Production       ,Webster Butler,39,Newspager/Magazine,Fully Meets,5,3,0,,,Newspager/Magazine,80,0,23,1,2,13,12,12,No,Travel_Frequently
"Kampew, Donysha",1109029264,3,0,Scorpio,60.25,1,Sales Manager,PA,11/11/1989,F,Single,US Citizen,No,White,11/07/2011,04/24/14,maternity leave - did not return,Voluntarily Terminated,Sales,Debra Houlihan,15,Social Networks - Facebook Twitter etc,Fully Meets,1.9,5,0,,,Social Networks - Facebook Twitter etc,80,0,9,3,3,9,7,0,Yes,Travel_Frequently
"Pearson, Randall",1102023965,3,0,Taurus,41,1,Data Analyst,MA,09/05/1984,M ,Married,US Citizen,No,White,12/01/2014,05/01/2016,performance,Voluntarily Terminated,IT/IS,Simon Roup,4,Employee Referral,Fully Meets,1.62,4,5,,,Employee Referral,80,0,23,3,3,5,3,4,Yes,Non-Travel
"Foss, Jason",1192991000,4,0,Taurus,65,0,IT Director,MA,07/05/1980,M ,Single,US Citizen,No,Black or African American,4/15/2011,,N/A - still employed,Active,IT/IS,Jennifer Zamora,5,Professional Society,Exceeds,3.76,5,5,01/07/2019,0,Professional Society,80,1,6,2,3,5,3,1,No,Travel_Rarely
"Roup,Simon",1106026933,3,0,Taurus,62,0,IT Manager - DB,MA,04/05/1973,M ,Single,US Citizen,No,White,1/20/2013,,N/A - still employed,Active,IT/IS,Jennifer Zamora,5,Professional Society,Fully Meets,2.96,5,7,2/18/2019,0,Professional Society,80,1,12,3,3,1,0,0,No,Travel_Rarely
"Monroe, Peter",1011022863,2,1,Taurus,63,0,IT Manager - Infra,MA,10/05/1986,M ,Married,Eligible NonCitizen,Yes,Hispanic,2/15/2012,,N/A - still employed,Active,IT/IS,Jennifer Zamora,5,Diversity Job Fair,Needs Improvement,2.39,3,6,2/22/2019,0,Diversity Job Fair,80,0,12,3,3,5,3,1,No,Travel_Rarely
"Clayton, Rick",1301052902,3,0,Taurus,28.99,0,IT Support,MA,09/05/1985,M ,Single,US Citizen,No,White,09/05/2012,,N/A - still employed,Active,IT/IS,Eric Dougall,6,Glassdoor,Fully Meets,2.55,3,6,2/27/2019,0,Glassdoor,80,0,14,6,3,11,10,5,No,Travel_Rarely
"Lindsay, Leonara ",602000312,4,1,Taurus,26,0,IT Support,CT,10/05/1988,F,Single,US Citizen,Yes,Two or more races,1/21/2011,,N/A - still employed,Active,IT/IS,Eric Dougall,6,Diversity Job Fair,Exceeds,4.64,4,5,1/25/2019,0,Diversity Job Fair,80,1,10,6,3,9,7,2,No,Travel_Frequently
"Tredinnick, Neville ",1104025466,3,0,Taurus,28,1,Network Engineer,MA,05/05/1988,M ,Married,US Citizen,No,White,01/05/2015,05/12/2015,medical issues,Voluntarily Terminated,IT/IS,Peter Monroe,7,Monster.com,Fully Meets,5,3,5,,,Monster.com,80,1,7,2,3,1,0,0,No,Travel_Rarely
"Tippett, Jeanette",1409070255,3,0,Taurus,24,0,Production Technician I,MA,06/05/1967,F,Divorced,US Citizen,No,Black or African American,2/18/2013,,N/A - still employed,Active,Production       ,Brannon Miller,12,Billboard,Fully Meets,4.21,5,0,1/14/2019,0,Billboard,80,2,25,3,4,25,12,4,Yes,Travel_Frequently
"Rose, Ashley  ",710007555,3,0,Taurus,17,0,Production Technician I,MA,12/05/1974,F,Separated,US Citizen,No,White,01/06/2014,,N/A - still employed,Active,Production       ,David Stanley,14,Website Banner Ads,Fully Meets,5,4,0,1/31/2019,0,Website Banner Ads,80,3,10,2,2,10,7,0,No,Travel_Frequently
"Darson, Jene'ya ",1001109612,3,0,Taurus,15,0,Production Technician I,MA,11/05/1978,F,Married,US Citizen,No,White,07/02/2012,,N/A - still employed,Active,Production       ,Elijiah Gray,16,Billboard,Fully Meets,5,3,0,2/25/2019,0,Billboard,80,1,8,2,4,7,7,0,No,Non-Travel
"Eaton, Marianne",1406067865,3,0,Taurus,17,1,Production Technician I,MA,09/05/1991,F,Married,US Citizen,No,White,04/04/2011,06/06/2013,military,Voluntarily Terminated,Production       ,Kissy Sullivan,20,Search Engine - Google Bing Yahoo,Fully Meets,5,3,0,,,Search Engine - Google Bing Yahoo,80,3,7,2,3,5,4,4,Yes,Travel_Rarely
"Roberson, May",1402065340,3,0,Taurus,26,1,Production Technician II,MA,09/05/1981,F,Divorced,Eligible NonCitizen,No,White,9/26/2011,10/22/11,return to school,Voluntarily Terminated,Production       ,David Stanley,14,Search Engine - Google Bing Yahoo,Fully Meets,2.19,4,0,,,Search Engine - Google Bing Yahoo,80,0,23,5,3,20,18,15,No,Travel_Rarely
"Carabbio, Judith",1101023577,3,0,Taurus,56,0,Software Engineer,MA,04/05/1987,F,Single,US Citizen,No,White,11/11/2013,,N/A - still employed,Active,Software Engineering,Alex Sweetwater,10,Pay Per Click - Google,Fully Meets,4.96,4,6,1/30/2019,0,Pay Per Click - Google,80,0,12,3,2,7,7,7,Yes,Travel_Rarely
"Del Bosque, Keyla",1203032498,3,0,Taurus,57.12,0,Software Engineer,MA,07/05/1979,F,Single,US Citizen,No,Black or African American,01/09/2012,,N/A - still employed,Active,Software Engineering,Alex Sweetwater,10,Monster.com,Fully Meets,3.79,5,5,1/25/2019,0,Monster.com,80,0,5,3,2,5,4,4,No,Travel_Rarely
"Ait Sidi, Karthikeyan   ",1307060199,3,0,Taurus,62,1,Sr. DBA,MA,05/05/1975,M ,Married,US Citizen,No,White,3/30/2015,06/16/16,career change,Voluntarily Terminated,IT/IS,Simon Roup,4,Company Intranet - Partner,Fully Meets,4.96,3,6,,,Company Intranet - Partner,80,1,40,3,2,40,10,15,No,Travel_Rarely
"Guilianno, Mike",1001167253,3,0,Virgo,55,1,Area Sales Manager,TN,02/09/1969,M ,Single,US Citizen,No,Two or more races,03/07/2011,10/31/14,relocation out of area,Voluntarily Terminated,Sales,John Smith,17,Newspager/Magazine,Fully Meets,4.5,5,0,,,Newspager/Magazine,80,0,0,2,2,0,0,0,Yes,Travel_Rarely
Jeremy Prater,1001084890,1,0,Virgo,56,0,Area Sales Manager,NV,05/09/1974,M ,Married,US Citizen,No,White,05/12/2014,,N/A - still employed,Active,Sales,Lynn Daneault,21,Website Banner Ads,PIP,1.81,2,0,1/17/2019,0,Website Banner Ads,80,1,3,2,3,2,1,2,No,Travel_Rarely
"Champaigne, Brian",1009919920,3,0,Virgo,63.5,0,BI Director,MA,02/09/1972,M ,Married,US Citizen,No,White,09/06/2016,,N/A - still employed,Active,IT/IS,Jennifer Zamora,5,Professional Society,Fully Meets,4.5,5,7,1/15/2019,0,#N/D,80,0,16,2,2,15,11,5,No,Travel_Rarely
"Dougall, Eric",1101023754,4,0,Virgo,64,0,IT Manager - Support,MA,07/09/1970,M ,Single,US Citizen,No,White,01/05/2014,,N/A - still employed,Active,IT/IS,Jennifer Zamora,5,Professional Society,Exceeds,1.99,5,5,01/04/2019,0,Professional Society,80,0,18,2,3,3,2,1,No,Travel_Frequently
"Butler, Webster  L",1110029990,4,0,Virgo,55,0,Production Manager,MA,08/09/1983,M ,Single,US Citizen,No,White,1/28/2016,,N/A - still employed,Active,Production       ,Janet King,2,Pay Per Click - Google,Exceeds,5,3,0,2/22/2019,0,Pay Per Click - Google,80,0,16,3,3,2,2,2,No,Travel_Frequently
"Peterson, Ebonee  ",1402065355,3,0,Virgo,38.5,1,Production Manager,MA,05/09/1977,F,Married,US Citizen,No,White,10/25/2010,05/18/16,Another position,Voluntarily Terminated,Production       ,Janet King,2,Internet Search,Fully Meets,4.16,5,0,,,Internet Search,80,1,4,2,3,2,2,2,Yes,Travel_Rarely
"MacLennan, Samuel",1201031032,3,0,Virgo,15,1,Production Technician I,MA,11/09/1972,M ,Widowed,US Citizen,No,White,9/24/2012,09/26/12,hours,Voluntarily Terminated,Production       ,Amy Dunn,11,Pay Per Click,Fully Meets,3.08,4,0,,,Pay Per Click,80,1,12,2,3,9,7,0,Yes,Travel_Rarely
"Theamstern, Sophia",1404066739,3,0,Virgo,20,1,Production Technician I,MA,05/09/1965,F,Single,US Citizen,No,White,07/05/2011,09/05/2011,return to school,Voluntarily Terminated,Production       ,Amy Dunn,11,Billboard,Fully Meets,3.98,4,0,,,Billboard,80,1,8,3,3,8,7,5,No,Travel_Rarely
"Wilber, Barry",1101023839,3,0,Virgo,21,1,Production Technician I,MA,09/09/1965,M ,Married,Eligible NonCitizen,No,White,5/16/2011,09/07/2015,unhappy,Voluntarily Terminated,Production       ,Amy Dunn,11,Website Banner Ads,Fully Meets,5,3,0,,,Website Banner Ads,80,2,7,0,3,3,2,0,No,Travel_Rarely
"Langton, Enrico",1304055987,3,0,Virgo,17,0,Production Technician I,MA,12/09/1986,M ,Married,US Citizen,No,White,07/09/2012,,N/A - still employed,Active,Production       ,David Stanley,14,Newspager/Magazine,Fully Meets,5,5,0,02/04/2019,0,Newspager/Magazine,80,0,18,2,3,4,2,0,No,Travel_Frequently
"Goyal, Roxana",1312063675,3,0,Virgo,24,0,Production Technician I,MA,10/09/1974,F,Married,US Citizen,No,Asian,8/19/2013,,N/A - still employed,Leave of Absence,Production       ,Kissy Sullivan,20,On-campus Recruiting,Fully Meets,1.71,5,0,2/15/2019,0,On-campus Recruiting,80,1,17,1,4,15,11,5,No,Travel_Rarely
"Gilles, Alex",1008020960,2,1,Virgo,15,1,Production Technician I,MA,08/09/1974,M ,Married,US Citizen,No,Black or African American,04/02/2012,06/25/15,military,Voluntarily Terminated,Production       ,Webster Butler,39,Diversity Job Fair,Needs Improvement,3.97,4,0,,,Diversity Job Fair,80,0,6,3,3,2,2,2,No,Travel_Rarely
"Latif, Mohammed",1104025486,3,0,Virgo,28,1,Production Technician II,MA,05/09/1984,M ,Married,US Citizen,No,White,04/02/2012,04/15/13,more money,Voluntarily Terminated,Production       ,Kissy Sullivan,20,Word of Mouth,Fully Meets,1.84,3,0,,,Word of Mouth,80,0,12,2,1,11,9,4,Yes,Travel_Rarely
"Semizoglou, Jeremiah  ",904013591,3,0,Virgo,53.8,0,Sr. Network Engineer,MA,02/09/1983,M ,Married,US Citizen,No,Asian,6/30/2016,,N/A - Has not started yet,Future Start,IT/IS,Peter Monroe,7,On-campus Recruiting,Fully Meets,3.27,4,5,1/14/2019,0,On-campus Recruiting,80,0,10,2,4,5,4,0,No,Travel_Rarely
"South, Joe",1308060959,3,0,Virgo,53,0,Sr. Network Engineer,CT,09/09/1965,M ,Single,US Citizen,No,White,11/10/2014,,N/A - still employed,Active,IT/IS,Peter Monroe,7,Employee Referral,Fully Meets,5,3,4,01/02/2019,0,Employee Referral,80,0,9,2,2,6,5,0,No,Travel_Rarely
"Riordan, Michael",1502072711,4,0,Capricorn,55,0,Area Sales Manager,ND,01/15/68,M ,Separated,US Citizen,No,White,01/09/2006,,N/A - still employed,Active,Sales,Lynn Daneault,21,Billboard,Exceeds,4.1,3,0,01/04/2019,0,Billboard,80,0,19,2,3,3,2,2,Yes,Travel_Rarely
"Bondwell, Betsy",1008021030,3,0,Capricorn,26,1,Production Technician II,MA,01/16/67,F,Single,US Citizen,No,White,01/10/2011,04/04/2014,career change,Voluntarily Terminated,Production       ,Elijiah Gray,16,Search Engine - Google Bing Yahoo,Fully Meets,1.38,5,0,,,Search Engine - Google Bing Yahoo,80,0,5,4,2,5,4,0,No,Travel_Rarely
"Leach, Dallas",1408069409,3,0,Capricorn,19,1,Production Technician I,MA,01/17/79,F,Single,US Citizen,No,Asian,9/26/2011,08/19/13,return to school,Voluntarily Terminated,Production       ,Kissy Sullivan,20,Monster.com,Fully Meets,4.88,3,0,,,Monster.com,80,3,9,2,4,8,7,0,No,Travel_Frequently
"Daniele, Ann  ",1411071312,3,0,Capricorn,54.1,0,Sr. Network Engineer,CT,01/18/52,F,Married,US Citizen,No,White,11/10/2014,,N/A - still employed,Leave of Absence,IT/IS,Peter Monroe,7,Vendor Referral,Fully Meets,1.55,5,8,02/12/2019,0,Vendor Referral,80,1,8,3,3,3,2,2,No,Travel_Rarely
"Keatts, Kramer ",1301052462,3,0,Capricorn,19,0,Production Technician I,MA,01/19/76,M ,Single,US Citizen,No,White,9/30/2013,,N/A - still employed,Active,Production       ,Michael Albert,22,Billboard,Fully Meets,3.07,4,0,1/23/2019,0,Billboard,80,0,6,3,3,5,3,1,No,Travel_Rarely
"Robinson, Elias",1011022887,4,0,Aquarius,17,0,Production Technician I,MA,01/28/85,M ,Widowed,US Citizen,No,White,07/08/2013,,N/A - still employed,Active,Production       ,Brannon Miller,12,Employee Referral,Exceeds,3.02,5,0,02/11/2019,0,Employee Referral,80,1,21,2,2,7,6,7,No,Travel_Frequently
"Ivey, Rose ",1408069882,3,0,Aquarius,16,0,Production Technician I,MA,01/28/91,F,Single,US Citizen,No,White,8/19/2013,,N/A - still employed,Active,Production       ,Brannon Miller,12,Professional Society,Fully Meets,3.99,3,0,1/14/2019,0,Professional Society,80,1,7,2,3,5,0,1,No,Travel_Rarely
"Veera, Abdellah ",1203032235,4,0,Aquarius,19,1,Production Technician I,MA,01/31/87,M ,Divorced,US Citizen,No,White,8/13/2012,02/05/2016,maternity leave - did not return,Voluntarily Terminated,Production       ,Kissy Sullivan,20,Information Session,Exceeds,3.84,5,0,,,Information Session,80,0,1,3,3,1,0,0,No,Travel_Rarely
"Lynch, Lindsay",1001138521,4,1,Aquarius,19,1,Production Technician I,MA,02/14/73,F,Single,US Citizen,Yes,Two or more races,11/07/2011,11/14/15,Another position,Voluntarily Terminated,Production       ,Webster Butler,39,Diversity Job Fair,Exceeds,5,4,0,,,Diversity Job Fair,80,1,20,2,3,20,7,2,No,Travel_Frequently
"Homberger, Adrienne  J",1207046956,3,0,Aquarius,28,1,Production Technician II,MA,02/16/84,F,Married,Non-Citizen,No,White,8/15/2011,04/07/2012,relocation out of area,Voluntarily Terminated,Production       ,Michael Albert,30,Glassdoor,Fully Meets,3.03,5,0,,,Glassdoor,80,2,10,3,3,10,8,0,No,Travel_Rarely
"Athwal, Sam",1301052124,3,0,Aquarius,22,0,Production Technician I,MA,02/18/83,M ,Widowed,US Citizen,No,White,9/30/2013,,N/A - still employed,Active,Production       ,Ketsia Liebig,19,Employee Referral,Fully Meets,5,4,0,2/25/2019,0,Employee Referral,80,1,13,3,1,7,7,4,Yes,Travel_Rarely
"Patronick, Luke",1112030979,4,1,Pisces,52.25,1,Software Engineer,MA,02/20/79,M ,Single,US Citizen,No,Asian,11/07/2011,09/07/2015,Another position,Voluntarily Terminated,Software Engineering,Alex Sweetwater,10,Diversity Job Fair,Exceeds,1.1,5,3,,,Diversity Job Fair,80,1,20,2,1,17,9,0,No,Travel_Rarely
"Barbara, Thomas",1312063507,3,1,Pisces,22,1,Production Technician I,MA,02/21/74,M ,Married,US Citizen,Yes,Asian,04/02/2012,09/19/12,unhappy,Voluntarily Terminated,Production       ,Kissy Sullivan,20,Diversity Job Fair,Fully Meets,1.98,3,0,,,Diversity Job Fair,80,0,9,2,3,9,8,3,No,Travel_Frequently
"Horton, Jayne",1105025718,3,0,Pisces,34,0,Database Administrator,MA,02/21/84,F,Single,US Citizen,No,White,3/30/2015,,N/A - still employed,Active,IT/IS,Simon Roup,4,Glassdoor,Fully Meets,4.48,5,6,01/03/2019,0,Glassdoor,80,1,10,1,3,10,7,0,No,Non-Travel
"Friedman, Gerry",1204032843,3,1,Pisces,55.5,0,Area Sales Manager,NY,02/24/69,M ,Single,US Citizen,Yes,Two or more races,03/07/2011,,N/A - still employed,Active,Sales,John Smith,17,Diversity Job Fair,Fully Meets,3.65,5,0,1/17/2019,0,Diversity Job Fair,80,0,10,2,3,1,0,0,No,Travel_Rarely
"Zhou, Julia",1110029732,3,0,Pisces,31.4,0,Data Analyst,MA,02/24/79,F,Single,US Citizen,No,White,3/30/2015,,N/A - still employed,Active,IT/IS,Simon Roup,4,Employee Referral,Fully Meets,5,3,5,02/01/2019,0,Employee Referral,80,1,9,3,2,1,0,0,Yes,Travel_Rarely
"Demita, Carla",1104025179,3,0,Pisces,29,1,Production Technician II,MA,02/25/51,F,Separated,US Citizen,No,Black or African American,04/04/2011,11/04/2015,more money,Voluntarily Terminated,Production       ,Kelley Spirea,18,Search Engine - Google Bing Yahoo,Fully Meets,4.62,5,0,,,Search Engine - Google Bing Yahoo,80,1,15,2,2,12,11,2,No,Travel_Rarely
"Stoica, Rick",1106026896,3,0,Pisces,22,0,Production Technician I,MA,03/14/85,M ,Married,US Citizen,No,Asian,2/17/2014,,N/A - still employed,Active,Production       ,Kelley Spirea,18,On-campus Recruiting,Fully Meets,1.39,3,0,01/11/2019,0,On-campus Recruiting,80,1,6,3,3,4,3,1,No,Travel_Frequently
"Trzeciak, Cybil",1107027551,3,0,Pisces,22,1,Production Technician II,MA,03/15/85,F,Single,US Citizen,No,White,01/10/2011,07/02/2012,unhappy,Voluntarily Terminated,Production       ,Amy Dunn,11,Vendor Referral,Fully Meets,1.3,3,0,,,Vendor Referral,80,2,2,6,3,2,2,2,No,Travel_Rarely
"Fidelia,  Libby",1006020020,3,0,Pisces,24,0,Production Technician I,MA,03/16/81,F,Married,US Citizen,No,White,01/09/2012,,N/A - still employed,Active,Production       ,Brannon Miller,12,Social Networks - Facebook Twitter etc,Fully Meets,5,5,0,1/29/2019,0,Social Networks - Facebook Twitter etc,80,1,6,1,1,2,2,2,No,Non-Travel
"Houlihan, Debra",1009021646,3,0,Pisces,60,0,Director of Sales,RI,03/17/66,F,Married,US Citizen,No,White,05/05/2014,,N/A - still employed,Active,Sales,Janet King,2,MBTA ads,Fully Meets,1.22,4,0,1/21/2019,0,MBTA ads,80,1,5,2,1,5,2,0,No,Travel_Rarely
"Pelech, Emil",1307060058,2,0,Pisces,24,1,Production Technician I,MA,03/17/88,M ,Single,US Citizen,No,Black or African American,01/10/2011,12/28/12,career change,Voluntarily Terminated,Production       ,Webster Butler,39,Search Engine - Google Bing Yahoo,Needs Improvement,3.54,5,0,,,Search Engine - Google Bing Yahoo,80,1,12,2,1,5,3,1,Yes,Travel_Rarely
"Rossetti, Bruno",1405067492,3,0,Pisces,18,1,Production Technician I,MA,03/18/87,M ,Single,US Citizen,No,White,04/04/2011,08/13/12,Another position,Voluntarily Terminated,Production       ,Kissy Sullivan,20,Search Engine - Google Bing Yahoo,Fully Meets,5,5,0,,,Search Engine - Google Bing Yahoo,80,1,1,2,2,1,1,0,Yes,Non-Travel
"Linden, Mathew",1405067565,3,0,Pisces,22,0,Production Technician II,MA,03/19/79,M ,Married,US Citizen,No,White,07/08/2013,,N/A - still employed,Leave of Absence,Production       ,Kelley Spirea,18,Information Session,Fully Meets,4,3,0,2/18/2019,0,Information Session,80,0,21,5,3,5,4,4,No,Travel_Rarely
"Bramante, Elisa",1006020066,4,0,Pisces,60,0,Director of Operations,MA,03/19/83,F,Single,US Citizen,No,Black or African American,01/05/2009,,N/A - still employed,Active,Production       ,Janet King,2,Other,Exceeds,3.02,5,0,02/04/2019,0,Other,80,1,13,2,3,9,8,1,No,Travel_Rarely
"Jacobi, Hannah  ",1503072857,3,0,Aries,21,0,Production Technician I,MA,03/22/66,F,Divorced,US Citizen,No,White,9/30/2013,,N/A - still employed,Active,Production       ,Kissy Sullivan,20,Employee Referral,Fully Meets,2.05,5,0,2/22/2019,0,Employee Referral,80,1,12,2,3,10,9,7,No,Travel_Rarely
"Handschiegl, Joanne",1405067064,3,0,Aries,24,0,Production Technician I,MA,03/23/77,F,Married,US Citizen,No,White,11/28/2011,,N/A - still employed,Active,Production       ,Michael Albert,22,Word of Mouth,Fully Meets,4.2,4,0,2/22/2019,0,Word of Mouth,80,0,12,2,4,8,3,0,No,Travel_Rarely
"Squatrito, Kristen",1405067138,4,0,Aries,21,1,Production Technician I,MA,03/26/73,F,Divorced,US Citizen,No,White,5/13/2013,06/29/15,unhappy,Voluntarily Terminated,Production       ,David Stanley,14,MBTA ads,Exceeds,1.97,4,0,,,MBTA ads,80,0,8,2,3,5,4,1,No,Travel_Rarely
"Linares, Marilyn ",1206042315,3,0,Aries,15.25,1,Production Technician I,MA,03/26/81,F,Married,US Citizen,No,White,07/05/2011,09/26/11,unhappy,Voluntarily Terminated,Production       ,Michael Albert,22,Internet Search,Fully Meets,3.18,4,0,,,Internet Search,80,1,6,3,2,5,2,1,Yes,Travel_Rarely
"Sullivan, Kissy ",1405067298,3,0,Aries,55,0,Production Manager,MA,03/28/78,F,Married,US Citizen,No,Black or African American,01/08/2009,,N/A - still employed,Active,Production       ,Janet King,2,Billboard,Fully Meets,3.73,4,0,1/24/2019,0,Billboard,80,0,1,5,4,0,0,0,No,Travel_Frequently
"Lunquist, Lisa",1001504432,4,0,Aries,26.1,0,Production Technician II,MA,03/28/82,F,Single,US Citizen,No,Black or African American,8/19/2013,,N/A - still employed,Active,Production       ,Elijiah Gray,16,Glassdoor,Exceeds,1.64,4,0,02/12/2019,0,Glassdoor,80,0,13,3,2,8,7,7,No,Travel_Frequently
"Ndzi, Horia",1204033044,3,0,Aries,22,1,Production Technician I,MA,03/28/83,M ,Married,US Citizen,No,White,04/01/2013,05/25/16,more money,Voluntarily Terminated,Production       ,Amy Dunn,11,Employee Referral,Fully Meets,3.18,3,0,,,#N/D,80,2,12,4,3,12,9,6,No,Non-Travel
"Turpin, Jumil",1411071506,3,0,Aries,49.1,0,Network Engineer,MA,03/31/69,M ,Married,Eligible NonCitizen,No,White,3/30/2015,,N/A - still employed,Active,IT/IS,Peter Monroe,7,Employee Referral,Fully Meets,5,4,7,1/14/2019,0,Employee Referral,80,1,9,3,4,5,4,0,Yes,Travel_Rarely
"Cornett, Lisa ",1403066069,3,0,Aries,15.75,0,Production Technician I,MA,03/31/77,F,Married,US Citizen,Yes,White,01/05/2015,,N/A - still employed,Active,Production       ,Kelley Spirea,18,Billboard,Fully Meets,4.73,5,0,2/14/2019,0,Billboard,80,1,19,3,3,2,2,2,Yes,Travel_Rarely
"Nguyen, Dheepa",1111030684,3,0,Aries,55,0,Area Sales Manager,GA,03/31/89,F,Single,US Citizen,No,Two or more races,07/08/2013,,N/A - still employed,Active,Sales,Lynn Daneault,21,Pay Per Click - Google,Fully Meets,5,5,0,1/25/2019,0,Pay Per Click - Google,80,0,4,2,4,3,1,0,No,Travel_Rarely
"Jhaveri, Sneha  ",1412071713,3,0,Aries,19,0,Production Technician I,MA,04/13/64,F,Separated,US Citizen,No,White,01/06/2014,,N/A - still employed,Active,Production       ,Kelley Spirea,18,On-campus Recruiting,Fully Meets,5,5,0,1/21/2019,0,On-campus Recruiting,80,0,1,3,2,1,0,1,No,Travel_Rarely
"Ferguson, Susan",1502072511,3,0,Aries,20,1,Production Technician I,MA,04/14/55,F,Married,US Citizen,No,White,11/07/2011,05/17/14,military,Voluntarily Terminated,Production       ,Webster Butler,39,Search Engine - Google Bing Yahoo,Fully Meets,3.13,3,0,,,Search Engine - Google Bing Yahoo,80,3,24,2,3,24,13,15,No,Travel_Rarely
"Shepard, Anita ",906014183,3,0,Aries,47,0,Network Engineer,MA,04/14/81,F,Married,US Citizen,No,White,9/30/2014,,N/A - still employed,Active,IT/IS,Peter Monroe,7,Vendor Referral,Fully Meets,3.31,3,6,01/07/2019,0,Vendor Referral,80,0,2,3,3,2,2,2,No,Travel_Rarely
"Foster-Baker, Amy",1201031308,3,0,Aries,34.95,0,Sr. Accountant,MA,04/16/79,F,Married,US Citizen,no,White,01/05/2009,,N/A - still employed,Active,Admin Offices,Board of Directors,9,Other,Fully Meets,5,3,2,02/08/2019,0,Other,80,1,7,0,3,4,2,0,Yes,Travel_Rarely
"Gonzalez, Maria",1988299991,3,0,Aries,39,0,IT Support,MA,04/16/81,F,Separated,US Citizen,Yes,White,01/05/2015,,N/A - still employed,Active,IT/IS,Peter Monroe,7,Employee Referral,Fully Meets,4.61,4,5,1/28/2019,0,Employee Referral,80,0,9,3,3,3,2,1,No,Travel_Rarely
"Beak, Kimberly  ",1303054329,4,0,Aries,27,0,Production Technician II,MA,04/17/66,F,Married,US Citizen,No,White,7/21/2016,,N/A - Has not started yet,Future Start,Production       ,Kelley Spirea,18,Employee Referral,Exceeds,2.7,3,0,1/14/2019,0,Employee Referral,80,0,4,5,2,4,3,0,Yes,Travel_Rarely
"Jung, Judy  ",1107027450,3,0,Aries,21,1,Production Technician I,MA,04/17/86,F,Married,US Citizen,No,White,01/10/2011,04/01/2016,unhappy,Voluntarily Terminated,Production       ,Elijiah Gray,16,Monster.com,Fully Meets,4,4,0,,,Monster.com,80,1,5,2,2,3,2,0,No,Travel_Rarely
"Garneau, Hamish",1104025414,3,0,Aries,18,0,Production Technician I,MA,04/18/80,M ,Single,US Citizen,No,Asian,07/08/2013,,N/A - still employed,Active,Production       ,Kissy Sullivan,20,Professional Society,Fully Meets,2.61,4,0,1/22/2019,0,Professional Society,80,2,5,3,3,4,2,1,No,Travel_Rarely
"Desimone, Carl ",1501072124,1,0,Aries,20,0,Production Technician I,MA,04/19/67,M ,Married,US Citizen,No,White,07/07/2014,,N/A - still employed,Active,Production       ,Amy Dunn,11,Professional Society,PIP,1.12,2,0,1/31/2019,0,Professional Society,80,1,8,5,3,8,7,1,No,Travel_Rarely
"Daneault, Lynn",1402065303,3,0,Aries,54,0,Sales Manager,VT,04/19/90,F,Single,US Citizen,No,White,05/05/2014,,N/A - still employed,Active,Sales,Debra Houlihan,15,Pay Per Click - Google,Fully Meets,4.62,4,0,1/24/2019,0,Pay Per Click - Google,80,1,21,2,3,20,8,9,No,Travel_Rarely
"Wolk, Hang  T",1205033180,3,0,Aries,22,0,Production Technician II,MA,04/20/85,F,Single,US Citizen,No,White,9/29/2014,,N/A - still employed,Active,Production       ,David Stanley,14,Newspager/Magazine,Fully Meets,3.4,4,0,2/21/2019,0,Newspager/Magazine,80,0,36,3,3,24,15,2,No,Travel_Rarely
"Lajiri,  Jyoti",1108028108,3,0,Taurus,56.2,0,Sr. Network Engineer,MA,04/23/86,M ,Married,US Citizen,No,White,11/10/2014,,N/A - still employed,Leave of Absence,IT/IS,Peter Monroe,7,Employee Referral,Fully Meets,4.46,5,6,01/07/2019,0,Employee Referral,80,0,10,2,2,10,9,1,No,Travel_Frequently
"Monterro, Luisa",1001103149,4,0,Taurus,25,0,Production Technician II,MA,04/24/70,F,Single,US Citizen,No,Black or African American,5/13/2013,,N/A - still employed,Active,Production       ,Kissy Sullivan,20,Billboard,Exceeds,2.55,3,0,1/14/2019,0,Billboard,80,0,21,6,3,7,7,1,No,Travel_Rarely
"Navathe, Kurt",1009919960,3,0,Taurus,52.25,0,Senior BI Developer,MA,04/25/70,M ,Single,US Citizen,No,Asian,02/10/2017,,N/A - still employed,Active,IT/IS,Brian Champaigne,13,Indeed,Fully Meets,5,3,6,2/25/2019,0,#N/D,80,1,34,5,3,33,18,11,No,Travel_Rarely
"LaRotonda, William  ",1106026572,3,0,Taurus,23,0,Accountant I,MA,04/26/84,M ,Divorced,US Citizen,No,Black or African American,01/06/2014,,N/A - still employed,Active,Admin Offices,Brandon R. LeBlanc,1,Website Banner Ads,Fully Meets,5,4,4,1/17/2019,0,Website Banner Ads,80,0,7,2,2,7,7,0,No,Travel_Rarely
"Sahoo, Adil",1106026462,3,0,Taurus,29,0,Production Technician II,MA,04/26/86,M ,Married,US Citizen,No,White,8/30/2010,,N/A - still employed,Active,Production       ,Kelley Spirea,18,Monster.com,Fully Meets,2.08,3,0,01/10/2019,0,Monster.com,80,0,8,1,3,1,0,0,Yes,Travel_Rarely
"Dietrich, Jenna  ",1408069481,1,0,Taurus,55,0,Area Sales Manager,WA,05/14/87,F,Single,US Citizen,Yes,White,2/20/2012,,N/A - still employed,Active,Sales,John Smith,17,Website Banner Ads,PIP,2.3,1,0,1/29/2019,0,Website Banner Ads,80,3,7,3,4,5,4,2,No,Non-Travel
"Carter, Michelle ",1403065721,3,0,Taurus,55,0,Area Sales Manager,VT,05/15/63,F,Single,US Citizen,No,White,8/18/2014,,N/A - still employed,Active,Sales,John Smith,17,Billboard,Fully Meets,5,5,0,1/21/2019,0,Billboard,80,1,22,1,3,20,8,11,No,Non-Travel
"Gerke, Melisa",1308060622,3,1,Taurus,22,1,Production Technician I,MA,05/15/70,F,Divorced,US Citizen,No,White,11/07/2011,11/15/11,hours,Voluntarily Terminated,Production       ,Elijiah Gray,16,Diversity Job Fair,Fully Meets,4.24,4,0,,,Diversity Job Fair,80,1,8,3,2,8,7,1,Yes,Travel_Rarely
"Exantus, Susan",1401064670,2,0,Taurus,48.5,1,Software Engineer,MA,05/15/87,F,Married,US Citizen,No,Black or African American,05/02/2011,06/05/2013,attendance,Terminated for Cause,Software Engineering,Alex Sweetwater,10,Billboard,Needs Improvement,2.55,5,4,,,Billboard,80,0,10,5,3,6,2,1,No,Travel_Frequently
"Trang, Mei",1012023152,2,0,Taurus,22,0,Production Technician I,MA,05/16/83,F,Single,US Citizen,No,White,2/17/2014,,N/A - still employed,Active,Production       ,David Stanley,14,Professional Society,Needs Improvement,2.44,5,0,02/11/2019,0,Professional Society,80,1,11,5,3,5,3,0,No,Non-Travel
"Ozark, Travis",812011761,3,0,Taurus,55,0,Area Sales Manager,NC,05/19/82,M ,Single,US Citizen,No,White,01/05/2015,,N/A - still employed,Active,Sales,John Smith,17,Website Banner Ads,Fully Meets,5,5,0,1/14/2019,0,Website Banner Ads,80,0,14,3,3,1,0,0,No,Travel_Rarely
"Singh, Nan ",1307059817,3,0,Taurus,16.56,0,Administrative Assistant,MA,05/19/88,F,Single,US Citizen,No,White,05/01/2015,,N/A - still employed,Active,Admin Offices,Brandon R. LeBlanc,1,Website Banner Ads,Fully Meets,5,3,5,1/15/2019,0,Website Banner Ads,80,1,9,3,1,7,7,1,No,Travel_Rarely
"Gordon, David",1106026579,3,0,Taurus,15,0,Production Technician I,MA,05/21/79,M ,Married,US Citizen,No,White,07/02/2012,,N/A - still employed,Active,Production       ,David Stanley,14,MBTA ads,Fully Meets,5,3,0,1/14/2019,0,MBTA ads,80,1,6,1,3,2,2,2,No,Travel_Frequently
"Gross, Paula",1103024859,3,0,Taurus,14,1,Production Technician I,MA,05/21/83,F,Divorced,US Citizen,No,White,2/21/2011,01/11/2014,more money,Voluntarily Terminated,Production       ,Kelley Spirea,18,Monster.com,Fully Meets,5,5,0,,,Monster.com,80,2,7,0,3,7,7,1,Yes,Non-Travel
"McCarthy, Brigit",1406067957,3,0,Taurus,26,0,Production Technician II,MA,05/21/87,F,Single,US Citizen,No,White,3/30/2015,,N/A - still employed,Active,Production       ,Ketsia Liebig,19,Newspager/Magazine,Fully Meets,5,5,0,02/07/2019,0,Newspager/Magazine,80,1,5,4,4,5,3,2,Yes,Travel_Frequently
"Anderson, Linda  ",1304055947,4,0,Gemini,23,0,Production Technician I,MA,05/22/77,F,Single,US Citizen,No,White,01/09/2012,,N/A - still employed,Active,Production       ,Amy Dunn,11,MBTA ads,Exceeds,5,5,0,01/07/2019,0,MBTA ads,80,1,15,2,4,7,2,3,Yes,Travel_Rarely
"Valentin,Jackie",1312063714,3,0,Gemini,55,0,Area Sales Manager,AZ,05/23/91,F,Married,US Citizen,No,Two or more races,07/05/2011,,N/A - still employed,Active,Sales,John Smith,17,Other,Fully Meets,2.81,3,0,1/17/2019,0,Other,80,0,17,2,3,1,0,0,Yes,Travel_Rarely
"Tejeda, Lenora ",1406068345,3,0,Gemini,28.75,1,Production Technician II,MA,05/24/53,F,Married,US Citizen,No,White,5/16/2011,07/08/2012,Another position,Voluntarily Terminated,Production       ,Elijiah Gray,16,Search Engine - Google Bing Yahoo,Fully Meets,3.93,3,0,,,Search Engine - Google Bing Yahoo,80,3,10,3,2,10,4,1,No,Travel_Rarely
"Andreola, Colby",1107027358,3,0,Gemini,47.6,0,Software Engineer,MA,05/24/79,F,Single,US Citizen,No,White,11/10/2014,,N/A - still employed,Active,Software Engineering,Alex Sweetwater,10,Vendor Referral,Fully Meets,3.04,3,4,01/02/2019,0,Vendor Referral,80,1,4,2,2,4,2,2,Yes,Travel_Rarely
"Whittier, Scott",1307060212,3,0,Gemini,23,1,Production Technician I,MA,05/24/87,M ,Single,US Citizen,Yes,White,01/10/2011,05/15/11,hours,Voluntarily Terminated,Production       ,Webster Butler,39,Newspager/Magazine,Fully Meets,5,5,0,,,Newspager/Magazine,80,0,8,2,3,8,1,1,No,Travel_Frequently
"Good, Susan",1001549006,3,0,Gemini,24.25,0,Production Technician II,MA,05/25/86,F,Married,US Citizen,No,White,05/12/2014,,N/A - still employed,Leave of Absence,Production       ,David Stanley,14,Professional Society,Fully Meets,2.04,3,0,02/07/2019,0,Professional Society,80,1,5,5,1,3,2,0,No,Non-Travel
"Roehrich, Bianca",1111030266,3,0,Gemini,58.5,1,Principal Data Architect,MA,05/27/73,F,Single,US Citizen,Yes,White,01/05/2015,11/10/2015,Another position,Voluntarily Terminated,IT/IS,Simon Roup,4,Vendor Referral,Fully Meets,3.88,3,7,,,Vendor Referral,80,1,17,3,3,4,2,0,No,Travel_Rarely
"Meads, Elizabeth",1409070245,3,1,Gemini,14,1,Production Technician I,MA,05/30/68,F,Single,US Citizen,No,Black or African American,04/02/2012,11/11/2015,Another position,Voluntarily Terminated,Production       ,Kelley Spirea,18,Diversity Job Fair,Fully Meets,4.18,4,0,,,Diversity Job Fair,80,0,14,2,2,14,8,9,No,Travel_Rarely
"Engdahl, Jean",1007020403,3,0,Gemini,21.25,0,Production Technician I,MA,05/31/74,M ,Single,US Citizen,No,White,11/10/2014,,N/A - still employed,Active,Production       ,Kelley Spirea,18,MBTA ads,Fully Meets,1.86,5,0,2/13/2019,0,MBTA ads,80,0,12,2,3,11,8,5,No,Non-Travel
"Cierpiszewski, Caroline  ",1012023295,3,0,Gemini,22,0,Production Technician I,MA,05/31/88,F,Single,Non-Citizen,No,Black or African American,10/03/2011,,N/A - still employed,Active,Production       ,Ketsia Liebig,19,Pay Per Click - Google,Fully Meets,3.58,5,0,1/30/2019,0,Pay Per Click - Google,80,0,7,2,3,7,7,0,No,Travel_Frequently
"True, Edward",1102024057,3,1,Gemini,45.42,1,Software Engineer,MA,06/14/83,M ,Single,Non-Citizen,No,Black or African American,2/18/2013,04/15/14,medical issues,Voluntarily Terminated,Software Engineering,Alex Sweetwater,10,Diversity Job Fair,Fully Meets,1.11,3,4,,,Diversity Job Fair,80,2,16,5,1,10,9,4,No,Travel_Rarely
"Smith, Leigh Ann",711007713,3,1,Gemini,20.5,1,Administrative Assistant,MA,06/14/87,F,Married,US Citizen,No,Asian,9/26/2011,09/25/13,career change,Voluntarily Terminated,Admin Offices,Brandon R. LeBlanc,1,Diversity Job Fair,Fully Meets,3.8,4,4,,,Diversity Job Fair,80,0,8,5,3,5,2,0,Yes,Travel_Rarely
"Le, Binh",1009919930,3,0,Gemini,50.25,0,Senior BI Developer,MA,06/14/87,F,Single,US Citizen,No,Asian,10/02/2016,,N/A - still employed,Active,IT/IS,Brian Champaigne,13,Indeed,Fully Meets,2.09,5,7,01/08/2019,0,#N/D,80,0,16,3,3,1,0,0,Yes,Travel_Rarely
"Merlos, Carlos",1012023013,1,0,Gemini,43,0,Network Engineer,MA,06/18/87,M ,Single,US Citizen,No,White,3/30/2015,,N/A - still employed,Active,IT/IS,Peter Monroe,7,Vendor Referral,PIP,1.2,3,6,02/04/2019,0,Vendor Referral,80,0,9,5,2,6,3,0,No,Travel_Frequently
"Gold, Shenice  ",1408069539,3,0,Gemini,17,0,Production Technician I,MA,06/18/92,F,Single,US Citizen,Yes,White,11/11/2013,,N/A - still employed,Active,Production       ,Ketsia Liebig,19,Glassdoor,Fully Meets,1.94,5,0,2/18/2019,0,Glassdoor,80,0,7,1,2,6,2,1,No,Travel_Rarely
"Punjabhi, Louis  ",1401064562,3,0,Gemini,16,0,Production Technician I,MA,06/19/61,M ,Single,US Citizen,No,White,01/06/2014,,N/A - still employed,Active,Production       ,Kelley Spirea,18,Employee Referral,Fully Meets,2.45,3,0,01/07/2019,0,Employee Referral,80,0,23,2,3,19,7,12,No,Non-Travel
"Miller, Ned",1205033439,1,0,Cancer,25,1,Production Technician II,MA,06/29/85,M ,Single,US Citizen,No,White,8/15/2011,09/04/2014,unhappy,Voluntarily Terminated,Production       ,Brannon Miller,12,MBTA ads,PIP,5,2,0,,,MBTA ads,80,1,16,4,3,6,2,0,No,Travel_Rarely
"Hubert, Robert",1009920000,3,0,Cancer,45,0,BI Developer,MA,06/30/89,M ,Married,US Citizen,No,Black or African American,4/20/2017,,N/A - still employed,Active,IT/IS,Brian Champaigne,13,Indeed,Fully Meets,2.06,5,5,1/28/2019,0,#N/D,80,0,16,3,4,13,11,3,No,Travel_Rarely
"Barton, Nader",1212051962,3,0,Cancer,18,1,Production Technician I,MA,07/15/77,M ,Divorced,US Citizen,No,White,9/24/2012,04/06/2013,Another position,Voluntarily Terminated,Production       ,Michael Albert,22,On-line Web application,Fully Meets,5,5,0,,,On-line Web application,80,0,7,3,3,3,2,1,No,Travel_Rarely
"Dolan, Linda",1101023540,3,0,Cancer,37,0,IT Support,MA,07/18/88,F,Married,US Citizen,No,White,01/05/2015,,N/A - still employed,Active,IT/IS,Peter Monroe,7,Employee Referral,Fully Meets,4.11,4,6,2/25/2019,0,Employee Referral,80,3,10,1,3,10,8,0,Yes,Travel_Frequently
"Pelletier, Ermine",1202031821,2,0,Cancer,28,1,Production Technician II,MA,07/18/89,F,Married,US Citizen,No,Asian,07/05/2011,09/15/11,unhappy,Voluntarily Terminated,Production       ,Amy Dunn,11,Monster.com,Needs Improvement,1.03,5,0,,,Monster.com,80,2,17,6,2,16,10,5,No,Travel_Rarely
"Sparks, Taylor  ",1410071137,1,0,Cancer,16,0,Production Technician I,MA,07/20/68,F,Married,US Citizen,No,White,2/20/2012,,N/A - still employed,Active,Production       ,Brannon Miller,12,Billboard,PIP,4.11,2,0,2/25/2019,0,Billboard,80,1,6,2,3,5,4,1,No,Non-Travel
"Barone, Francesco  A",1101023679,3,0,Cancer,16.76,0,Production Technician I,MA,07/20/83,M ,Single,US Citizen,No,Two or more races,2/20/2012,,N/A - still employed,Active,Production       ,Kelley Spirea,18,Social Networks - Facebook Twitter etc,Fully Meets,1.41,4,0,2/14/2019,0,Social Networks - Facebook Twitter etc,80,1,7,6,3,1,0,0,No,Travel_Rarely
"Perry, Shakira",1109029186,3,0,Cancer,22,1,Production Technician I,MA,07/20/86,F,Single,US Citizen,No,White,5/16/2011,10/25/15,medical issues,Voluntarily Terminated,Production       ,Amy Dunn,11,MBTA ads,Fully Meets,3.45,4,0,,,MBTA ads,80,1,13,2,3,9,8,5,No,Travel_Frequently
"Rhoads, Thomas",1211050793,3,0,Cancer,20,1,Production Technician I,MA,07/22/82,M ,Divorced,US Citizen,Yes,White,5/16/2011,01/15/16,retiring,Voluntarily Terminated,Production       ,Elijiah Gray,16,Professional Society,Fully Meets,5,4,0,,,Professional Society,80,1,11,5,3,11,10,4,No,Travel_Frequently
"Saada, Adell",1012023185,3,0,Leo,49.25,0,Software Engineer,MA,07/24/86,F,Married,US Citizen,No,White,11/05/2012,,N/A - still employed,Active,Software Engineering,Alex Sweetwater,10,Pay Per Click - Google,Fully Meets,1.74,3,6,2/13/2019,0,Pay Per Click - Google,80,0,10,3,4,10,7,0,No,Travel_Frequently
"Langford, Lindsey",1010022030,3,0,Leo,22,1,Production Technician II,MA,07/25/79,F,Divorced,US Citizen,No,Asian,01/07/2013,03/31/14,Another position,Voluntarily Terminated,Production       ,David Stanley,14,Glassdoor,Fully Meets,4.52,3,0,,,Glassdoor,80,0,4,3,2,4,3,0,Yes,Travel_Rarely
"Buccheri, Joseph  ",1101023457,3,0,Leo,22,0,Production Technician II,MA,07/28/83,M ,Single,US Citizen,No,White,9/29/2014,,N/A - still employed,Active,Production       ,Webster Butler,,Word of Mouth,Fully Meets,3.19,3,0,02/01/2019,0,Word of Mouth,80,0,6,3,2,2,2,2,No,Travel_Rarely
"Favis, Donald  ",1412071562,3,0,Leo,58.2,1,Enterprise Architect,CT,07/30/64,M ,Single,US Citizen,No,Black or African American,2/17/2014,02/19/16,hours,Terminated for Cause,IT/IS,Simon Roup,4,Vendor Referral,Fully Meets,2.94,5,7,,,Vendor Referral,80,0,22,3,3,22,17,11,No,Travel_Rarely
"Tinto, Theresa  ",1103024504,3,0,Leo,20,1,Production Technician I,MA,07/30/83,F,Divorced,US Citizen,No,White,01/10/2011,05/14/11,Another position,Voluntarily Terminated,Production       ,Ketsia Liebig,19,Social Networks - Facebook Twitter etc,Fully Meets,2.81,5,0,,,Social Networks - Facebook Twitter etc,80,0,7,2,2,2,2,2,No,Travel_Rarely
"Sutwell, Barbara",1407069061,3,0,Leo,14,0,Production Technician I,MA,08/15/68,F,Single,Eligible NonCitizen,No,Asian,5/14/2012,,N/A - still employed,Active,Production       ,Elijiah Gray,16,Glassdoor,Fully Meets,2.77,5,0,1/31/2019,0,Glassdoor,80,1,32,3,2,7,0,0,No,Travel_Rarely
"Smith, John",1499902910,2,1,Leo,56,0,Sales Manager,MA,08/16/84,M ,Divorced,US Citizen,No,Black or African American,5/18/2014,,N/A - still employed,Active,Sales,Debra Houlihan,15,Diversity Job Fair,Needs Improvement,1.62,4,0,1/16/2019,0,Diversity Job Fair,80,1,8,2,1,5,4,0,Yes,Travel_Rarely
"Zima, Colleen",1211051232,3,0,Leo,15,0,Production Technician I,MA,08/17/78,F,Widowed,US Citizen,No,Asian,9/29/2014,,N/A - still employed,Active,Production       ,David Stanley,14,On-campus Recruiting,Fully Meets,1.24,5,0,1/30/2019,0,On-campus Recruiting,80,1,22,3,3,17,13,1,Yes,Travel_Rarely
"Peters, Lauren",1411071406,4,0,Leo,29,1,Production Technician II,MA,08/17/86,F,Married,US Citizen,No,White,5/16/2011,02/04/2012,more money,Voluntarily Terminated,Production       ,Ketsia Liebig,19,Pay Per Click - Google,Exceeds,1.79,5,0,,,Pay Per Click - Google,80,0,13,3,4,9,7,1,No,Travel_Rarely
"Monkfish, Erasumus",1404066711,3,0,Leo,27,0,Production Technician II,MA,08/17/92,M ,Married,US Citizen,No,White,11/07/2011,,N/A - still employed,Active,Production       ,David Stanley,14,Professional Society,Fully Meets,2.67,3,0,01/08/2019,0,Professional Society,80,0,33,2,4,33,7,15,Yes,Non-Travel
"Harrington, Christie ",1110029602,3,0,Leo,19.75,1,Production Technician I,MA,08/18/52,F,Single,US Citizen,No,White,01/09/2012,12/15/15,retiring,Voluntarily Terminated,Production       ,Webster Butler,39,Monster.com,Fully Meets,4.64,4,0,,,Monster.com,80,1,6,5,3,4,3,1,No,Travel_Rarely
"Johnson, George",1105025721,4,0,Leo,17,1,Production Technician I,MA,08/19/59,M ,Married,US Citizen,No,White,11/07/2011,04/29/16,more money,Voluntarily Terminated,Production       ,Michael Albert,22,Monster.com,Exceeds,1.65,4,0,,,Monster.com,80,0,4,2,1,3,2,1,Yes,Travel_Rarely
"Burkett, Benjamin ",1301052449,3,0,Leo,26,0,Production Technician II,MA,08/19/77,M ,Married,US Citizen,No,White,04/04/2011,,N/A - still employed,Active,Production       ,Ketsia Liebig,19,Careerbuilder,Fully Meets,3.25,5,0,1/14/2019,0,Careerbuilder,80,3,7,1,3,3,2,1,No,Travel_Rarely
"Chang, Donovan  E",1111030129,3,0,Virgo,22,0,Production Technician I,MA,08/24/83,M ,Single,US Citizen,No,White,07/08/2013,,N/A - still employed,Active,Production       ,Webster Butler,,Newspager/Magazine,Fully Meets,3.8,5,0,1/14/2019,0,Newspager/Magazine,80,0,4,2,3,3,2,2,No,Non-Travel
"Shields, Seffi",1205033102,3,0,Virgo,15,0,Production Technician I,MA,08/24/85,F,Married,US Citizen,No,White,8/19/2013,,N/A - still employed,Active,Production       ,Amy Dunn,11,Newspager/Magazine,Fully Meets,4.81,4,0,2/15/2019,0,Newspager/Magazine,80,2,17,2,2,1,0,0,No,Travel_Rarely
"Brill, Donna",1406068293,3,0,Virgo,20,1,Production Technician I,MA,08/24/90,F,Married,US Citizen,No,White,04/02/2012,06/15/13,Another position,Voluntarily Terminated,Production       ,David Stanley,14,Search Engine - Google Bing Yahoo,Fully Meets,3.35,4,0,,,Search Engine - Google Bing Yahoo,80,2,9,3,3,9,8,4,No,Travel_Rarely
"Manchester, Robyn",1110029623,3,0,Virgo,23,0,Production Technician II,MA,08/25/76,F,Married,US Citizen,No,White,05/11/2016,,N/A - Has not started yet,Future Start,Production       ,Webster Butler,,Vendor Referral,Fully Meets,5,3,0,1/21/2019,0,Vendor Referral,80,1,25,2,3,24,0,1,No,Travel_Rarely
"England, Rex",1101023612,3,0,Virgo,21,0,Production Technician I,MA,08/25/78,M ,Married,US Citizen,No,White,3/31/2014,,N/A - still employed,Active,Production       ,Kelley Spirea,18,Employee Referral,Fully Meets,2.05,3,0,01/11/2019,0,Employee Referral,80,1,9,3,3,2,2,2,No,Travel_Frequently
"Stanford,Barbara  M",1111030244,3,0,Virgo,14,0,Production Technician I,MA,08/25/82,F,Divorced,US Citizen,No,Two or more races,01/10/2011,,N/A - still employed,Active,Production       ,Kissy Sullivan,20,Word of Mouth,Fully Meets,1.05,4,0,02/07/2019,0,Word of Mouth,80,1,2,2,2,2,2,0,No,Travel_Rarely
"Erilus, Angela",1105025661,1,0,Virgo,24,0,Production Technician II,MA,08/25/89,F,Separated,US Citizen,No,White,07/07/2014,,N/A - still employed,Active,Production       ,Michael Albert,22,Pay Per Click - Google,PIP,4.59,1,0,2/25/2019,0,Pay Per Click - Google,80,1,13,3,3,11,9,5,No,Travel_Rarely
"Clukey, Elijian",1407069280,4,0,Virgo,24.75,0,Production Technician I,MA,08/26/80,M ,Married,US Citizen,No,White,07/06/2016,,N/A - Has not started yet,Future Start,Production       ,Brannon Miller,12,Employee Referral,Exceeds,1.97,4,0,2/28/2019,0,Employee Referral,80,1,17,2,2,3,1,0,No,Travel_Rarely
"Rogers, Ivan",1203032255,3,0,Virgo,42.2,0,Data Analyst,MA,08/26/86,M ,Married,US Citizen,No,White,3/30/2015,,N/A - still employed,Active,IT/IS,Simon Roup,4,Pay Per Click - Google,Fully Meets,3.04,3,6,1/22/2019,0,Pay Per Click - Google,80,1,9,1,3,3,2,0,No,Travel_Frequently
"Hendrickson, Trina",1011022932,3,0,Virgo,24,1,Production Technician II,MA,08/27/72,F,Single,US Citizen,No,White,01/10/2011,02/18/13,hours,Voluntarily Terminated,Production       ,Kelley Spirea,18,Monster.com,Fully Meets,5,3,0,,,Monster.com,80,2,17,5,3,1,0,0,No,Travel_Frequently
"Chivukula, Enola",1101023394,3,0,Virgo,21,1,Production Technician I,MA,08/27/83,F,Single,US Citizen,No,White,6/27/2011,11/15/15,relocation out of area,Voluntarily Terminated,Production       ,Amy Dunn,11,Other,Fully Meets,2,4,0,,,Other,80,0,20,1,3,19,6,11,No,Travel_Frequently
"Fraval, Maruk ",1411071302,3,0,Virgo,55,0,Area Sales Manager,CT,08/28/63,M ,Single,US Citizen,No,Black or African American,09/06/2011,,N/A - still employed,Active,Sales,Lynn Daneault,21,Monster.com,Fully Meets,1.64,3,0,1/27/2019,0,Monster.com,80,0,6,1,3,6,5,1,No,Travel_Rarely
"Potts, Xana",1102024106,3,0,Virgo,55,0,Area Sales Manager,KY,08/29/88,F,Married,US Citizen,No,Black or African American,01/09/2012,,N/A - still employed,Active,Sales,Lynn Daneault,21,Website Banner Ads,Fully Meets,4.2,5,0,02/01/2019,0,Website Banner Ads,80,0,10,1,3,3,2,0,Yes,Travel_Rarely
"Zamora, Jennifer",1112030816,4,0,Virgo,65,0,CIO,MA,08/30/79,F,Single,US Citizen,No,White,04/10/2010,,N/A - still employed,Active,IT/IS,Janet King,2,Employee Referral,Exceeds,1.12,5,6,2/21/2019,0,Employee Referral,80,1,10,2,3,3,2,0,No,Travel_Rarely
"Cloninger, Jennifer",1012023226,3,0,Virgo,25,1,Production Technician II,MA,08/31/81,F,Married,US Citizen,No,White,5/16/2011,01/07/2013,unhappy,Voluntarily Terminated,Production       ,Brannon Miller,12,Word of Mouth,Fully Meets,1.16,5,0,,,Word of Mouth,80,2,5,3,3,4,2,1,No,Travel_Rarely
"Davis, Daniel",1201031274,3,0,Virgo,25,0,Production Technician II,MA,09/14/79,M ,Single,Eligible NonCitizen,No,Two or more races,11/07/2011,,N/A - still employed,Active,Production       ,Kissy Sullivan,20,Newspager/Magazine,Fully Meets,3.96,4,0,2/27/2019,0,Newspager/Magazine,80,1,10,4,3,9,6,7,Yes,Travel_Rarely
"Digitale, Alfred",1306059197,3,0,Virgo,56,0,Area Sales Manager,NH,09/14/88,M ,Married,US Citizen,No,American Indian or Alaska Native,8/18/2014,,N/A - still employed,Active,Sales,John Smith,17,Pay Per Click - Google,Fully Meets,3.6,5,0,1/30/2019,0,Pay Per Click - Google,80,1,22,5,3,21,7,3,No,Travel_Rarely
"Garcia, Raul",1309061015,3,0,Virgo,19,0,Production Technician I,MA,09/15/85,M ,Single,US Citizen,Yes,White,3/30/2015,,N/A - still employed,Active,Production       ,David Stanley,14,Employee Referral,Fully Meets,4.5,3,0,2/18/2019,0,Employee Referral,80,0,1,0,2,1,0,0,No,Travel_Rarely
"Thibaud, Kenneth",1011022777,3,0,Virgo,23,1,Production Technician II,MA,09/16/75,M ,Widowed,US Citizen,No,White,6/25/2007,08/30/10,military,Voluntarily Terminated,Production       ,Webster Butler,39,Pay Per Click - Google,Fully Meets,1.37,4,0,,,Pay Per Click - Google,80,0,6,2,4,5,4,1,No,Travel_Frequently
"Petrowsky, Thelma",1108027853,4,0,Virgo,42.75,0,Data Analyst,MA,09/16/84,F,Married,US Citizen,No,Asian,11/10/2014,,N/A - still employed,Active,IT/IS,Simon Roup,4,Employee Referral,Exceeds,3.71,5,7,01/04/2019,0,Employee Referral,80,0,5,3,1,5,1,0,No,Travel_Frequently
"Howard, Estelle",1211050782,3,0,Virgo,21.5,1,Administrative Assistant,MA,09/16/85,F,Married,US Citizen,No,White,2/16/2015,04/15/15,,Terminated for Cause,Admin Offices,Brandon R. LeBlanc,1,Pay Per Click - Google,Fully Meets,3.24,3,4,,,Pay Per Click - Google,80,1,13,0,3,8,7,7,No,Non-Travel
"Akinkuolie, Sarah",1005019209,3,0,Virgo,29,1,Production Technician II,MA,09/19/88,F,Married,US Citizen,No,White,07/05/2011,09/24/12,hours,Voluntarily Terminated,Production       ,Kissy Sullivan,20,Newspager/Magazine,Fully Meets,3.02,3,0,,,Newspager/Magazine,80,0,9,5,3,6,2,0,No,Travel_Rarely
"King, Janet",1001495124,3,0,Virgo,80,0,President & CEO,MA,09/21/54,F,Married,US Citizen,Yes,White,07/02/2012,,N/A - still employed,Active,Executive Office,Board of Directors,9,Pay Per Click - Google,Fully Meets,4.83,3,0,1/17/2019,0,Pay Per Click - Google,80,1,28,2,2,7,7,7,Yes,Travel_Rarely
"Blount, Dianna",1403066125,2,0,Virgo,27,0,Production Technician II,MA,09/21/90,F,Single,US Citizen,No,White,04/04/2011,,N/A - still employed,Active,Production       ,Michael Albert,22,Monster.com,Needs Improvement,1.16,3,0,2/27/2019,0,Monster.com,80,0,5,5,1,0,0,0,No,Travel_Rarely
"Purinton, Janine",1011022926,3,0,Libra,16,1,Production Technician I,MA,09/22/70,F,Divorced,US Citizen,No,White,9/24/2012,06/18/13,unhappy,Voluntarily Terminated,Production       ,Kissy Sullivan,20,Billboard,Fully Meets,1.5,5,0,,,Billboard,80,2,10,2,3,0,0,0,No,Travel_Rarely
"Medeiros, Jennifer",1109029256,3,0,Libra,20,0,Production Technician I,MA,09/22/76,F,Single,US Citizen,No,White,3/30/2015,,N/A - still employed,Active,Production       ,Michael Albert,22,Monster.com,Fully Meets,5,4,0,1/21/2019,0,Monster.com,80,1,10,2,3,9,0,7,No,Travel_Rarely
"Huynh, Ming",1306058509,3,0,Libra,23,1,Production Technician II,MA,09/22/76,F,Divorced,US Citizen,No,White,2/21/2011,04/01/2013,unhappy,Voluntarily Terminated,Production       ,Amy Dunn,11,Search Engine - Google Bing Yahoo,Fully Meets,3.72,3,0,,,Search Engine - Google Bing Yahoo,80,2,6,2,3,6,3,1,No,Non-Travel
"Faller, Megan ",1108028428,3,0,Libra,27,0,Production Technician II,MA,09/22/78,F,Married,US Citizen,No,Black or African American,07/07/2014,,N/A - still employed,Active,Production       ,Elijiah Gray,16,Professional Society,Fully Meets,1.49,5,0,2/22/2019,0,Professional Society,80,0,21,2,3,20,7,4,Yes,Travel_Rarely
"Givens, Myriam",1203032099,3,0,Libra,55,0,Area Sales Manager,IN,09/22/89,F,Single,US Citizen,No,White,2/16/2015,,N/A - still employed,Active,Sales,Lynn Daneault,21,Pay Per Click - Google,Fully Meets,1.72,5,0,1/25/2019,0,Pay Per Click - Google,80,1,16,4,3,15,13,10,No,Travel_Rarely
"Peterson, Kayla ",1307059944,3,0,Libra,17,0,Production Technician I,MA,09/23/73,F,Married,US Citizen,No,White,4/26/2010,,N/A - still employed,Active,Production       ,Ketsia Liebig,19,Search Engine - Google Bing Yahoo,Fully Meets,2.72,3,0,1/21/2019,0,Search Engine - Google Bing Yahoo,80,0,37,2,3,36,10,4,Yes,Travel_Rarely
"Fancett, Nicole",1402065085,3,0,Libra,24,0,Production Technician II,MA,09/27/87,F,Single,US Citizen,No,Black or African American,2/17/2014,,N/A - still employed,Active,Production       ,Webster Butler,,Newspager/Magazine,Fully Meets,4,4,0,01/07/2019,0,Newspager/Magazine,80,1,10,2,2,10,7,9,Yes,Non-Travel
"Alagbe,Trina",1011022883,3,0,Libra,21,0,Production Technician I,MA,09/27/88,F,Married,US Citizen,No,White,01/07/2008,,N/A - still employed,Active,Production       ,Elijiah Gray,16,Billboard,Fully Meets,4.84,5,0,01/03/2019,0,Billboard,80,1,5,3,2,5,2,0,No,Travel_Rarely
"Gonzalez, Cayo",1411071212,4,1,Libra,16,0,Production Technician I,MA,09/29/69,M ,Divorced,US Citizen,No,American Indian or Alaska Native,07/11/2011,,N/A - still employed,Active,Production       ,Brannon Miller,12,Diversity Job Fair,Exceeds,1.83,4,0,2/18/2019,0,Diversity Job Fair,80,1,7,5,4,5,4,0,No,Travel_Rarely
"Spirea, Kelley",1102024149,3,0,Libra,52,0,Production Manager,MA,09/30/75,F,Married,US Citizen,No,White,10/02/2012,,N/A - still employed,Active,Production       ,Janet King,2,Vendor Referral,Fully Meets,4.83,5,0,2/14/2019,0,Vendor Referral,80,0,3,4,4,3,2,1,No,Travel_Rarely
"O'hare, Lynn",1206044851,1,0,Libra,18.5,1,Production Technician I,MA,09/30/80,F,Single,US Citizen,No,Two or more races,3/31/2014,05/01/2016,performance,Terminated for Cause,Production       ,Kissy Sullivan,20,Professional Society,PIP,3.09,2,0,,,Professional Society,80,2,15,2,3,5,2,0,Yes,Non-Travel
"Power, Morissa",1102024274,3,0,Libra,19,1,Production Technician I,MA,10/15/84,F,Divorced,Eligible NonCitizen,No,Asian,5/16/2011,06/04/2011,Another position,Voluntarily Terminated,Production       ,Kissy Sullivan,20,Social Networks - Facebook Twitter etc,Fully Meets,3.17,4,0,,,Social Networks - Facebook Twitter etc,80,1,10,6,2,7,7,6,No,Travel_Rarely
"LeBel, Jonathan  R",1107027575,3,0,Libra,15,1,Production Technician I,MA,10/18/81,M ,Single,US Citizen,No,White,2/21/2011,08/04/2011,attendance,Terminated for Cause,Production       ,Kelley Spirea,18,Social Networks - Facebook Twitter etc,Fully Meets,5,4,0,,,Social Networks - Facebook Twitter etc,80,1,8,3,3,8,0,7,Yes,Travel_Rarely
"Fernandes, Nilson  ",1302053339,1,0,Libra,18,0,Production Technician I,MA,10/18/89,M ,Married,US Citizen,No,White,05/11/2015,,N/A - still employed,Active,Production       ,Amy Dunn,11,Professional Society,PIP,1.56,5,0,01/03/2019,0,Professional Society,80,1,6,6,1,6,5,1,No,Travel_Frequently
"Lydon, Allison",1101023353,3,0,Libra,20,0,Production Technician I,MA,10/22/75,F,Married,US Citizen,No,Black or African American,2/16/2015,,N/A - still employed,Leave of Absence,Production       ,Elijiah Gray,16,Website Banner Ads,Fully Meets,5,3,0,1/23/2019,0,Website Banner Ads,80,2,28,4,2,10,4,1,No,Travel_Rarely
"Goble, Taisha",905013738,3,0,Scorpio,48.5,1,Database Administrator,MA,10/23/71,F,Single,US Citizen,No,White,2/16/2015,03/15/15,"no-call, no-show",Terminated for Cause,IT/IS,Simon Roup,4,Glassdoor,Fully Meets,1.87,4,4,,,Glassdoor,80,3,21,5,2,5,3,1,Yes,Travel_Rarely
"Westinghouse, Matthew",1009919990,3,0,Scorpio,45,0,BI Developer,MA,10/24/87,M ,Married,US Citizen,No,White,4/20/2017,,N/A - still employed,Active,IT/IS,Brian Champaigne,13,Indeed,Fully Meets,1.82,3,6,01/02/2019,0,#N/D,80,0,20,3,3,20,16,11,No,Travel_Rarely
"Liebig, Ketsia",1103024679,4,0,Scorpio,55,0,Production Manager,MA,10/26/81,F,Married,US Citizen,No,White,9/30/2013,,N/A - still employed,Active,Production       ,Janet King,2,Website Banner Ads,Exceeds,3.66,3,0,1/21/2019,0,Website Banner Ads,80,0,10,3,2,10,7,0,No,Travel_Frequently
"Beatrice, Courtney ",1403066194,3,0,Scorpio,22,0,Production Technician I,MA,10/27/70,F,Single,Eligible NonCitizen,No,White,04/04/2011,,N/A - still employed,Active,Production       ,Elijiah Gray,16,Search Engine - Google Bing Yahoo,Fully Meets,5,5,0,1/14/2019,0,Search Engine - Google Bing Yahoo,80,1,12,4,3,10,7,0,Yes,Travel_Rarely
"Smith, Joe",1001970770,4,0,Scorpio,22,0,Production Technician II,MA,10/30/63,M ,Single,US Citizen,No,White,9/29/2014,,N/A - still employed,Active,Production       ,Elijiah Gray,16,Pay Per Click - Google,Exceeds,2.41,3,0,1/28/2019,0,Pay Per Click - Google,80,1,5,3,3,5,3,3,Yes,Travel_Frequently
"Bugali, Josephine ",1408069635,3,1,Scorpio,20,0,Production Technician I,MA,10/30/69,F,Separated,US Citizen,No,Black or African American,11/11/2013,,N/A - still employed,Leave of Absence,Production       ,Kissy Sullivan,20,Diversity Job Fair,Fully Meets,2.83,5,0,1/21/2019,0,Diversity Job Fair,80,0,17,3,3,17,12,5,No,Travel_Rarely
"DeGweck,  James",1306058816,3,0,Scorpio,23.5,1,Production Technician I,MA,10/31/77,M ,Married,US Citizen,No,White,5/16/2011,06/08/2015,unhappy,Voluntarily Terminated,Production       ,Webster Butler,39,Billboard,Fully Meets,5,4,0,,,Billboard,80,1,19,0,1,1,0,0,Yes,Travel_Frequently
"Wallace, Courtney  E",1410071026,3,1,Scorpio,33.5,1,Production Manager,MA,11/14/55,F,Married,US Citizen,No,Black or African American,9/26/2011,01/02/2012,Another position,Voluntarily Terminated,Production       ,Janet King,2,Diversity Job Fair,Fully Meets,1.18,3,0,,,Diversity Job Fair,80,1,10,2,3,2,2,1,No,Travel_Rarely
"Immediato, Walter",1403065874,2,0,Scorpio,42,1,Production Manager,MA,11/15/76,M ,Married,US Citizen,No,Asian,2/21/2011,09/24/12,unhappy,Voluntarily Terminated,Production       ,Janet King,2,Other,Needs Improvement,2.34,2,0,,,Other,80,1,5,2,3,3,2,0,Yes,Travel_Rarely
"Dickinson, Geoff ",706006285,3,0,Scorpio,21,0,Production Technician I,MA,11/15/82,M ,Single,US Citizen,No,White,05/12/2014,,N/A - still employed,Active,Production       ,Ketsia Liebig,19,Pay Per Click - Google,Fully Meets,1.13,4,0,2/19/2019,0,Pay Per Click - Google,80,0,5,3,3,5,3,0,No,Travel_Rarely
"Roper, Katie",1009919950,3,0,Scorpio,55,0,Data Architect,MA,11/21/72,F,Single,US Citizen,No,Black or African American,01/07/2017,,N/A - still employed,Active,IT/IS,Brian Champaigne,13,Indeed,Fully Meets,4.94,3,5,02/06/2019,0,#N/D,80,0,22,4,3,3,2,1,Yes,Travel_Frequently
"Sweetwater, Alex",1001644719,3,0,Scorpio,27,0,Software Engineering Manager,MA,11/22/66,M ,Single,US Citizen,No,White,8/15/2011,,N/A - still employed,Active,Software Engineering,Jennifer Zamora,5,Search Engine - Google Bing Yahoo,Fully Meets,3.84,3,5,1/21/2019,0,Search Engine - Google Bing Yahoo,80,0,10,2,3,8,0,7,No,Travel_Rarely
"Maurice, Shana",1401064327,3,0,Scorpio,20,0,Production Technician I,MA,11/22/77,F,Married,US Citizen,No,White,5/31/2011,,N/A - still employed,Active,Production       ,David Stanley,14,Other,Fully Meets,5,4,0,01/10/2019,0,Other,80,1,2,5,2,2,2,2,No,Travel_Frequently
"Pitt, Brad ",1001735072,3,0,Sagittarius,17,0,Production Technician I,MA,11/23/81,M ,Single,US Citizen,No,Black or African American,11/05/2007,,N/A - still employed,Active,Production       ,David Stanley,14,Search Engine - Google Bing Yahoo,Fully Meets,3.66,3,0,2/25/2019,0,Search Engine - Google Bing Yahoo,80,0,8,0,3,8,7,7,Yes,Travel_Rarely
"Nowlan, Kristie",1104025435,3,0,Sagittarius,26.39,0,Production Technician II,MA,11/23/85,F,Single,US Citizen,No,White,11/10/2014,,N/A - still employed,Active,Production       ,Elijiah Gray,16,Glassdoor,Fully Meets,4.53,5,0,1/16/2019,0,Glassdoor,80,3,4,3,2,4,2,1,Yes,Travel_Frequently
"Owad, Clinton",1103024335,2,0,Sagittarius,22,0,Production Technician I,MA,11/24/79,M ,Single,US Citizen,No,Black or African American,2/17/2014,,N/A - still employed,Active,Production       ,Michael Albert,22,MBTA ads,Needs Improvement,4.25,3,0,02/04/2019,0,MBTA ads,80,1,23,2,4,20,4,4,No,Travel_Frequently
"Brown, Mia",1103024456,3,1,Sagittarius,28.5,0,Accountant I,MA,11/24/87,F,Married,US Citizen,No,Black or African American,10/27/2008,,N/A - still employed,Active,Admin Offices,Brandon R. LeBlanc,1,Diversity Job Fair,Fully Meets,2.04,2,6,1/15/2019,0,Diversity Job Fair,80,0,0,2,3,0,0,0,No,Travel_Rarely
"Cisco, Anthony",1102024173,3,0,Sagittarius,42,0,IT Support,MA,11/24/89,M ,Married,US Citizen,Yes,White,3/30/2015,,N/A - still employed,Active,IT/IS,Peter Monroe,7,Information Session,Fully Meets,2.21,5,7,01/10/2019,0,Information Session,80,2,12,3,2,11,9,6,No,Travel_Rarely
"Close, Phil",1209048697,3,0,Sagittarius,26,1,Production Technician II,MA,11/25/78,M ,Married,US Citizen,No,White,8/30/2010,09/26/11,career change,Voluntarily Terminated,Production       ,David Stanley,14,Other,Fully Meets,1.3,4,0,,,Other,80,2,4,2,3,1,0,0,No,Travel_Frequently
"Sloan, Constance",1012023103,3,0,Sagittarius,23,1,Production Technician II,MA,11/25/87,F,Single,US Citizen,No,White,10/26/2009,04/08/2015,maternity leave - did not return,Voluntarily Terminated,Production       ,Michael Albert,22,Monster.com,Fully Meets,4.68,4,0,,,Monster.com,80,1,13,3,3,4,1,1,No,Travel_Rarely
"Khemmich, Bartholemew",1104025008,3,0,Sagittarius,55,0,Area Sales Manager,CO,11/27/79,M ,Single,US Citizen,No,White,8/19/2013,,N/A - still employed,Active,Sales,Lynn Daneault,21,Pay Per Click - Google,Fully Meets,2.19,5,0,1/22/2019,0,Pay Per Click - Google,80,0,22,2,3,22,10,0,No,Travel_Rarely
"Dunn, Amy  ",1409070147,3,0,Sagittarius,51,0,Production Manager,MA,11/28/73,F,Single,US Citizen,No,White,9/18/2014,,N/A - still employed,Active,Production       ,Janet King,2,Search Engine - Google Bing Yahoo,Fully Meets,4.52,4,0,1/15/2019,0,Search Engine - Google Bing Yahoo,80,0,0,2,3,0,0,0,No,Travel_Rarely
"Stanley, David ",1000974650,2,0,Sagittarius,53,0,Production Manager,MA,12/17/75,M ,Divorced,US Citizen,No,White,7/20/2010,,N/A - still employed,Active,Production       ,Janet King,2,Monster.com,Needs Improvement,4.13,2,0,1/14/2019,0,Monster.com,80,0,9,2,3,8,3,0,No,Travel_Rarely
"Salter, Jason",1111030148,3,0,Sagittarius,45,1,Data Analyst ,MA,12/17/87,M ,Divorced,US Citizen,No,Black or African American,01/05/2015,10/31/15,hours,Voluntarily Terminated,IT/IS,Simon Roup,4,Vendor Referral,Fully Meets,2.19,3,5,,,Vendor Referral,80,1,10,3,2,8,7,7,No,Travel_Rarely
"Sadki, Nore  ",1308060535,3,0,Capricorn,21,1,Production Technician I,MA,12/21/74,M ,Single,US Citizen,No,White,01/05/2009,07/30/10,relocation out of area,Voluntarily Terminated,Production       ,Michael Albert,22,Word of Mouth,Fully Meets,1.53,5,0,,,Word of Mouth,80,3,19,5,2,18,10,3,No,Travel_Rarely
"Bernstein, Sean",1109029366,3,0,Capricorn,16,0,Production Technician I,MA,12/22/70,M ,Single,US Citizen,Yes,White,04/02/2012,,N/A - still employed,Active,Production       ,Amy Dunn,11,Word of Mouth,Fully Meets,5,3,0,1/14/2019,0,Word of Mouth,80,1,11,3,3,9,8,0,No,Non-Travel
"Lundy, Susan",1305056276,3,0,Capricorn,24,1,Production Technician II,MA,12/26/76,F,Widowed,US Citizen,No,White,07/08/2013,09/15/13,more money,Voluntarily Terminated,Production       ,Michael Albert,22,On-campus Recruiting,Fully Meets,4.65,4,0,,,On-campus Recruiting,80,1,13,3,2,13,8,4,No,Travel_Rarely
"Biden, Lowan  M",1412071844,3,0,Capricorn,22,0,Production Technician I,MA,12/27/58,F,Divorced,US Citizen,No,Asian,8/19/2013,,N/A - still employed,Active,Production       ,Ketsia Liebig,19,Billboard,Fully Meets,2.39,3,0,01/10/2019,0,Billboard,80,1,19,2,3,10,8,0,No,Travel_Rarely
"Leruth, Giovanni",1412071660,3,0,Capricorn,55,0,Area Sales Manager,UT,12/27/88,M ,Separated,US Citizen,No,Black or African American,4/30/2012,,N/A - still employed,Active,Sales,John Smith,17,Website Banner Ads,Fully Meets,4.53,3,0,1/29/2019,0,Website Banner Ads,80,1,12,2,3,5,3,1,Yes,Non-Travel
"Rarrick, Quinn",1208048229,3,0,Capricorn,21,1,Production Technician I,MA,12/31/84,M ,Divorced,US Citizen,No,White,9/26/2011,04/07/2012,more money,Voluntarily Terminated,Production       ,Michael Albert,22,Pay Per Click - Google,Fully Meets,3.8,5,0,,,Pay Per Click - Google,80,1,6,4,3,5,2,0,Yes,Travel_Rarely
